campaign,market,vendor,Media,comm,grp,date,time,length,day
12 Radio EM December,albuquerque-santa fe,KKRG-FM,R,CNS2012E,0,11/28/2012,9:47 AM,30,wednesday
12 Radio EM December,albuquerque-santa fe,KKRG-FM,R,CNS2012E,0,11/28/2012,8:41 PM,30,wednesday
12 Radio EM December,albuquerque-santa fe,KKRG-FM,R,CNS2012A,0,11/28/2012,11:49 AM,30,wednesday
12 Radio EM December,albuquerque-santa fe,KKRG-FM,R,CNS2012A,0,11/28/2012,4:20 PM,30,wednesday
12 Radio EM December,albuquerque-santa fe,KKRG-FM,R,CNS112912B,0.2,11/28/2012,2:43 PM,30,wednesday
12 Radio EM December,albuquerque-santa fe,KKRG-FM,R,CNS2012A,0.3,11/28/2012,10:47 AM,30,wednesday
12 Radio EM December,albuquerque-santa fe,KKRG-FM,R,CNS2012E,0.4,11/28/2012,3:14 PM,30,wednesday
12 Radio EM December,albuquerque-santa fe,KKRG-FM,R,CNS112912A,0.5,11/28/2012,7:18 AM,30,wednesday
12 Radio EM December,albuquerque-santa fe,KKRG-FM,R,CNS112912B,0.5,11/28/2012,8:47 AM,30,wednesday
12 Radio EM December,albuquerque-santa fe,KKRG-FM,R,CNS112912B,0.5,11/28/2012,7:38 PM,30,wednesday
12 Radio EM December,albuquerque-santa fe,KKRG-FM,R,CNS2012A,0.6,11/28/2012,5:19 PM,30,wednesday
12 Radio EM December,albuquerque-santa fe,KKRG-FM,R,CNS2012A,0.8,11/28/2012,6:49 AM,30,wednesday
12 Radio EM December,albuquerque-santa fe,KKRG-FM,R,CNS112912A,0.9,11/28/2012,1:42 PM,30,wednesday
12 Radio EM December,albuquerque-santa fe,KKRG-FM,R,CNS112912A,0.9,11/28/2012,6:17 PM,30,wednesday
12 Radio EM December,albuquerque-santa fe,KKRG-FM,R,CNS112912B,0.3,11/29/2012,8:41 PM,30,thursday
12 Radio EM December,albuquerque-santa fe,KKRG-FM,R,CNS112912A,0.5,11/29/2012,7:40 PM,30,thursday
12 Radio EM December,albuquerque-santa fe,KKRG-FM,R,CNS2012A,0.5,11/29/2012,5:22 PM,30,thursday
12 Radio EM December,albuquerque-santa fe,KKRG-FM,R,CNS2012A,0.5,11/29/2012,6:15 PM,30,thursday
12 Radio EM December,albuquerque-santa fe,KKRG-FM,R,CNS2012E,0.5,11/29/2012,4:15 PM,30,thursday
12 Radio EM December,albuquerque-santa fe,KKRG-FM,R,CNS112912A,0.9,11/29/2012,8:46 AM,30,thursday
12 Radio EM December,albuquerque-santa fe,KKRG-FM,R,CNS2012A,1,11/29/2012,6:45 AM,30,thursday
12 Radio EM December,albuquerque-santa fe,KKRG-FM,R,CNS112912B,1.3,11/29/2012,9:48 AM,30,thursday
12 Radio EM December,albuquerque-santa fe,KKRG-FM,R,CNS112912B,1.3,11/29/2012,3:47 PM,30,thursday
12 Radio EM December,albuquerque-santa fe,KKRG-FM,R,CNS2012A,1.4,11/29/2012,7:47 AM,30,thursday
12 Radio EM December,albuquerque-santa fe,KKRG-FM,R,CNS2012E,1.7,11/29/2012,11:42 AM,30,thursday
12 Radio EM December,albuquerque-santa fe,KKRG-FM,R,CNS112912A,1.8,11/29/2012,2:43 PM,30,thursday
12 Radio EM December,albuquerque-santa fe,KKRG-FM,R,CNS2012A,1.8,11/29/2012,1:47 PM,30,thursday
12 Radio EM December,albuquerque-santa fe,KKRG-FM,R,CNS2012A,2.1,11/29/2012,12:45 PM,30,thursday
12 Radio EM December,albuquerque-santa fe,KKRG-FM,R,CNS2012A,0.2,11/30/2012,7:43 PM,30,friday
12 Radio EM December,albuquerque-santa fe,KKRG-FM,R,CNS112912A,0.3,11/30/2012,8:40 PM,30,friday
12 Radio EM December,albuquerque-santa fe,KKRG-FM,R,CNS112912B,0.3,11/30/2012,4:20 PM,30,friday
12 Radio EM December,albuquerque-santa fe,KKRG-FM,R,CNS2012A,0.5,11/30/2012,6:46 PM,30,friday
12 Radio EM December,albuquerque-santa fe,KKRG-FM,R,CNS2012E,0.5,11/30/2012,5:25 PM,30,friday
12 Radio EM December,albuquerque-santa fe,KKRG-FM,R,CNS2012A,0.7,11/30/2012,1:46 PM,30,friday
12 Radio EM December,albuquerque-santa fe,KKRG-FM,R,CNS2012E,0.8,11/30/2012,6:45 AM,30,friday
12 Radio EM December,albuquerque-santa fe,KKRG-FM,R,CNS112912A,1,11/30/2012,9:47 AM,30,friday
12 Radio EM December,albuquerque-santa fe,KKRG-FM,R,CNS2012A,1,11/30/2012,2:47 PM,30,friday
12 Radio EM December,albuquerque-santa fe,KKRG-FM,R,CNS112912A,1,11/30/2012,3:18 PM,30,friday
12 Radio EM December,albuquerque-santa fe,KKRG-FM,R,CNS112912B,1.2,11/30/2012,11:43 AM,30,friday
12 Radio EM December,albuquerque-santa fe,KKRG-FM,R,CNS2012A,1.3,11/30/2012,8:46 AM,30,friday
12 Radio EM December,albuquerque-santa fe,KKRG-FM,R,CNS2012E,1.3,11/30/2012,12:44 PM,30,friday
12 Radio EM December,albuquerque-santa fe,KKRG-FM,R,CNS2012A,1.4,11/30/2012,7:18 AM,30,friday
12 Radio EM December,albuquerque-santa fe,KKRG-FM,R,CNS112912B,0,12/1/2012,9:40 PM,30,saturday
12 Radio EM December,albuquerque-santa fe,KKRG-FM,R,CNS112912A,0.1,12/1/2012,8:39 PM,30,saturday
12 Radio EM December,albuquerque-santa fe,KKRG-FM,R,CNS2012A,0.2,12/1/2012,6:41 PM,30,saturday
12 Radio EM December,albuquerque-santa fe,KKRG-FM,R,CNS2012A,0.3,12/1/2012,1:24 PM,30,saturday
12 Radio EM December,albuquerque-santa fe,KKRG-FM,R,CNS2012A,0.4,12/1/2012,12:43 PM,30,saturday
12 Radio EM December,albuquerque-santa fe,KKRG-FM,R,CNS2012E,0.4,12/1/2012,5:44 PM,30,saturday
12 Radio EM December,albuquerque-santa fe,KKRG-FM,R,CNS2012A,0.7,12/1/2012,7:43 PM,30,saturday
12 Radio EM December,albuquerque-santa fe,KKRG-FM,R,CNS112912B,0.9,12/1/2012,4:45 PM,30,saturday
12 Radio EM December,albuquerque-santa fe,KKRG-FM,R,CNS112912B,1,12/1/2012,10:19 AM,30,saturday
12 Radio EM December,albuquerque-santa fe,KKRG-FM,R,CNS112912A,1.1,12/1/2012,3:42 PM,30,saturday
12 Radio EM December,albuquerque-santa fe,KKRG-FM,R,CNS2012E,1.7,12/1/2012,11:45 AM,30,saturday
12 Radio EM December,albuquerque-santa fe,KKRG-FM,R,CNS2012A,0,12/2/2012,8:38 PM,30,sunday
12 Radio EM December,albuquerque-santa fe,KKRG-FM,R,CNS2012A,0,12/2/2012,9:39 PM,30,sunday
12 Radio EM December,albuquerque-santa fe,KKRG-FM,R,CNS2012A,0.2,12/2/2012,7:37 PM,30,sunday
12 Radio EM December,albuquerque-santa fe,KKRG-FM,R,CNS2012F,0,12/5/2012,9:16 AM,30,wednesday
12 Radio EM December,albuquerque-santa fe,KKRG-FM,R,CNS2012F,0,12/5/2012,8:38 PM,30,wednesday
12 Radio EM December,albuquerque-santa fe,KKRG-FM,R,CNS2012B,0,12/5/2012,11:47 AM,30,wednesday
12 Radio EM December,albuquerque-santa fe,KKRG-FM,R,CNS2012B,0.3,12/5/2012,10:48 AM,30,wednesday
12 Radio EM December,albuquerque-santa fe,KKRG-FM,R,CNS2012B,0.4,12/5/2012,3:45 PM,30,wednesday
12 Radio EM December,albuquerque-santa fe,KKRG-FM,R,CNS2012F,0.4,12/5/2012,3:17 PM,30,wednesday
12 Radio EM December,albuquerque-santa fe,KKRG-FM,R,CNS120512CC,0.5,12/5/2012,8:47 AM,30,wednesday
12 Radio EM December,albuquerque-santa fe,KKRG-FM,R,CNS120512DD,0.5,12/5/2012,7:50 AM,30,wednesday
12 Radio EM December,albuquerque-santa fe,KKRG-FM,R,CNS120512CC,0.5,12/5/2012,7:39 PM,30,wednesday
12 Radio EM December,albuquerque-santa fe,KKRG-FM,R,CNS2012B,0.6,12/5/2012,5:43 PM,30,wednesday
12 Radio EM December,albuquerque-santa fe,KKRG-FM,R,CNS2012B,0.8,12/5/2012,6:45 AM,30,wednesday
12 Radio EM December,albuquerque-santa fe,KKRG-FM,R,CNS120512CC,0.9,12/5/2012,1:42 PM,30,wednesday
12 Radio EM December,albuquerque-santa fe,KKRG-FM,R,CNS120512DD,0.9,12/5/2012,6:15 PM,30,wednesday
12 Radio EM December,albuquerque-santa fe,KKRG-FM,R,CNS120512DD,1,12/5/2012,12:20 PM,30,wednesday
12 Radio EM December,albuquerque-santa fe,KKRG-FM,R,CNS120512CC,0.3,12/6/2012,8:40 PM,30,thursday
12 Radio EM December,albuquerque-santa fe,KKRG-FM,R,CNS120512DD,0.5,12/6/2012,7:43 PM,30,thursday
12 Radio EM December,albuquerque-santa fe,KKRG-FM,R,CNS2012B,0.5,12/6/2012,5:19 PM,30,thursday
12 Radio EM December,albuquerque-santa fe,KKRG-FM,R,CNS2012B,0.5,12/6/2012,6:17 PM,30,thursday
12 Radio EM December,albuquerque-santa fe,KKRG-FM,R,CNS2012F,0.5,12/6/2012,4:17 PM,30,thursday
12 Radio EM December,albuquerque-santa fe,KKRG-FM,R,CNS120512DD,0.9,12/6/2012,8:18 AM,30,thursday
12 Radio EM December,albuquerque-santa fe,KKRG-FM,R,CNS2012B,1,12/6/2012,6:16 AM,30,thursday
12 Radio EM December,albuquerque-santa fe,KKRG-FM,R,CNS120512CC,1.3,12/6/2012,9:50 AM,30,thursday
12 Radio EM December,albuquerque-santa fe,KKRG-FM,R,CNS120512CC,1.3,12/6/2012,3:49 PM,30,thursday
12 Radio EM December,albuquerque-santa fe,KKRG-FM,R,CNS2012B,1.4,12/6/2012,7:46 AM,30,thursday
12 Radio EM December,albuquerque-santa fe,KKRG-FM,R,CNS2012B,1.7,12/6/2012,11:46 AM,30,thursday
12 Radio EM December,albuquerque-santa fe,KKRG-FM,R,CNS120512DD,1.8,12/6/2012,2:46 PM,30,thursday
12 Radio EM December,albuquerque-santa fe,KKRG-FM,R,CNS2012F,1.8,12/6/2012,10:19 AM,30,thursday
12 Radio EM December,albuquerque-santa fe,KKRG-FM,R,CNS2012B,2.1,12/6/2012,12:46 PM,30,thursday
12 Radio EM December,albuquerque-santa fe,KKRG-FM,R,CNS2012B,0.2,12/7/2012,7:42 PM,30,friday
12 Radio EM December,albuquerque-santa fe,KKRG-FM,R,CNS120512DD,0.3,12/7/2012,8:41 PM,30,friday
12 Radio EM December,albuquerque-santa fe,KKRG-FM,R,CNS120512CC,0.3,12/7/2012,4:47 PM,30,friday
12 Radio EM December,albuquerque-santa fe,KKRG-FM,R,CNS2012B,0.5,12/7/2012,6:44 PM,30,friday
12 Radio EM December,albuquerque-santa fe,KKRG-FM,R,CNS2012F,0.5,12/7/2012,5:26 PM,30,friday
12 Radio EM December,albuquerque-santa fe,KKRG-FM,R,CNS2012B,0.7,12/7/2012,1:45 PM,30,friday
12 Radio EM December,albuquerque-santa fe,KKRG-FM,R,CNS2012F,0.8,12/7/2012,6:50 AM,30,friday
12 Radio EM December,albuquerque-santa fe,KKRG-FM,R,CNS120512CC,0.9,12/7/2012,10:42 AM,30,friday
12 Radio EM December,albuquerque-santa fe,KKRG-FM,R,CNS120512DD,1,12/7/2012,9:17 AM,30,friday
12 Radio EM December,albuquerque-santa fe,KKRG-FM,R,CNS2012B,1,12/7/2012,2:19 PM,30,friday
12 Radio EM December,albuquerque-santa fe,KKRG-FM,R,CNS120512DD,1,12/7/2012,3:16 PM,30,friday
12 Radio EM December,albuquerque-santa fe,KKRG-FM,R,CNS2012B,1.3,12/7/2012,8:18 AM,30,friday
12 Radio EM December,albuquerque-santa fe,KKRG-FM,R,CNS2012F,1.3,12/7/2012,12:14 PM,30,friday
12 Radio EM December,albuquerque-santa fe,KKRG-FM,R,CNS2012B,1.4,12/7/2012,7:45 AM,30,friday
12 Radio EM December,albuquerque-santa fe,KKRG-FM,R,CNS120512CC,0,12/8/2012,9:17 PM,30,saturday
12 Radio EM December,albuquerque-santa fe,KKRG-FM,R,CNS120512DD,0.1,12/8/2012,8:15 PM,30,saturday
12 Radio EM December,albuquerque-santa fe,KKRG-FM,R,CNS2012B,0.2,12/8/2012,6:46 PM,30,saturday
12 Radio EM December,albuquerque-santa fe,KKRG-FM,R,CNS2012B,0.3,12/8/2012,1:34 PM,30,saturday
12 Radio EM December,albuquerque-santa fe,KKRG-FM,R,CNS2012F,0.4,12/8/2012,5:18 PM,30,saturday
12 Radio EM December,albuquerque-santa fe,KKRG-FM,R,CNS2012B,0.7,12/8/2012,7:41 PM,30,saturday
12 Radio EM December,albuquerque-santa fe,KKRG-FM,R,CNS2012B,0.7,12/8/2012,2:17 PM,30,saturday
12 Radio EM December,albuquerque-santa fe,KKRG-FM,R,CNS120512CC,0.9,12/8/2012,4:46 PM,30,saturday
12 Radio EM December,albuquerque-santa fe,KKRG-FM,R,CNS120512CC,1,12/8/2012,10:48 AM,30,saturday
12 Radio EM December,albuquerque-santa fe,KKRG-FM,R,CNS120512DD,1.1,12/8/2012,3:16 PM,30,saturday
12 Radio EM December,albuquerque-santa fe,KKRG-FM,R,CNS2012F,1.7,12/8/2012,11:18 AM,30,saturday
12 Radio EM December,albuquerque-santa fe,KKRG-FM,R,CNS2012B,0,12/9/2012,8:14 PM,30,sunday
12 Radio EM December,albuquerque-santa fe,KKRG-FM,R,CNS2012B,0,12/9/2012,9:15 PM,30,sunday
12 Radio EM December,albuquerque-santa fe,KKRG-FM,R,CNS2012B,0.2,12/9/2012,7:37 PM,30,sunday
12 Radio EM December,albuquerque-santa fe,KKRG-FM,R,CNS2012F,0,12/12/2012,9:48 AM,30,wednesday
12 Radio EM December,albuquerque-santa fe,KKRG-FM,R,CNS2012B,0,12/12/2012,8:45 PM,30,wednesday
12 Radio EM December,albuquerque-santa fe,KKRG-FM,R,CNS2012B,0,12/12/2012,11:15 AM,30,wednesday
12 Radio EM December,albuquerque-santa fe,KKRG-FM,R,CNS2012B,0,12/12/2012,4:19 PM,30,wednesday
12 Radio EM December,albuquerque-santa fe,KKRG-FM,R,CNS2012F,0.2,12/12/2012,2:46 PM,30,wednesday
12 Radio EM December,albuquerque-santa fe,KKRG-FM,R,CNS2012B,0.3,12/12/2012,10:47 AM,30,wednesday
12 Radio EM December,albuquerque-santa fe,KKRG-FM,R,CNS121212CC,0.5,12/12/2012,8:46 AM,30,wednesday
12 Radio EM December,albuquerque-santa fe,KKRG-FM,R,CNS121212D,0.5,12/12/2012,7:46 AM,30,wednesday
12 Radio EM December,albuquerque-santa fe,KKRG-FM,R,CNS2012F,0.5,12/12/2012,7:37 PM,30,wednesday
12 Radio EM December,albuquerque-santa fe,KKRG-FM,R,CNS2012B,0.6,12/12/2012,5:47 PM,30,wednesday
12 Radio EM December,albuquerque-santa fe,KKRG-FM,R,CNS2012B,0.8,12/12/2012,6:17 AM,30,wednesday
12 Radio EM December,albuquerque-santa fe,KKRG-FM,R,CNS121212CC,0.9,12/12/2012,1:16 PM,30,wednesday
12 Radio EM December,albuquerque-santa fe,KKRG-FM,R,CNS121212CC,0.9,12/12/2012,6:45 PM,30,wednesday
12 Radio EM December,albuquerque-santa fe,KKRG-FM,R,CNS121212D,0.9,12/12/2012,6:19 PM,30,wednesday
12 Radio EM December,albuquerque-santa fe,KKRG-FM,R,CNS121212D,1,12/12/2012,12:17 PM,30,wednesday
12 Radio EM December,albuquerque-santa fe,KKRG-FM,R,CNS2012F,0.3,12/13/2012,8:40 PM,30,thursday
12 Radio EM December,albuquerque-santa fe,KKRG-FM,R,CNS121212CC,0.5,12/13/2012,7:38 PM,30,thursday
12 Radio EM December,albuquerque-santa fe,KKRG-FM,R,CNS121212D,0.5,12/13/2012,6:48 PM,30,thursday
12 Radio EM December,albuquerque-santa fe,KKRG-FM,R,CNS2012B,0.5,12/13/2012,4:18 PM,30,thursday
12 Radio EM December,albuquerque-santa fe,KKRG-FM,R,CNS2012B,0.5,12/13/2012,5:17 PM,30,thursday
12 Radio EM December,albuquerque-santa fe,KKRG-FM,R,CNS121212CC,0.9,12/13/2012,8:47 AM,30,thursday
12 Radio EM December,albuquerque-santa fe,KKRG-FM,R,CNS2012B,1,12/13/2012,6:47 AM,30,thursday
12 Radio EM December,albuquerque-santa fe,KKRG-FM,R,CNS2012F,1.3,12/13/2012,9:49 AM,30,thursday
12 Radio EM December,albuquerque-santa fe,KKRG-FM,R,CNS2012F,1.3,12/13/2012,3:49 PM,30,thursday
12 Radio EM December,albuquerque-santa fe,KKRG-FM,R,CNS121212D,1.4,12/13/2012,7:46 AM,30,thursday
12 Radio EM December,albuquerque-santa fe,KKRG-FM,R,CNS2012B,1.7,12/13/2012,11:46 AM,30,thursday
12 Radio EM December,albuquerque-santa fe,KKRG-FM,R,CNS121212CC,1.8,12/13/2012,2:46 PM,30,thursday
12 Radio EM December,albuquerque-santa fe,KKRG-FM,R,CNS121212D,1.8,12/13/2012,1:17 PM,30,thursday
12 Radio EM December,albuquerque-santa fe,KKRG-FM,R,CNS2012B,1.8,12/13/2012,10:43 AM,30,thursday
12 Radio EM December,albuquerque-santa fe,KKRG-FM,R,CNS2012B,0.2,12/14/2012,7:41 PM,30,friday
12 Radio EM December,albuquerque-santa fe,KKRG-FM,R,CNS121212D,0.3,12/14/2012,8:40 PM,30,friday
12 Radio EM December,albuquerque-santa fe,KKRG-FM,R,CNS121212CC,0.3,12/14/2012,4:46 PM,30,friday
12 Radio EM December,albuquerque-santa fe,KKRG-FM,R,CNS2012B,0.5,12/14/2012,6:45 PM,30,friday
12 Radio EM December,albuquerque-santa fe,KKRG-FM,R,CNS2012F,0.5,12/14/2012,5:48 PM,30,friday
12 Radio EM December,albuquerque-santa fe,KKRG-FM,R,CNS2012B,0.7,12/14/2012,1:41 PM,30,friday
12 Radio EM December,albuquerque-santa fe,KKRG-FM,R,CNS2012B,0.8,12/14/2012,6:45 AM,30,friday
12 Radio EM December,albuquerque-santa fe,KKRG-FM,R,CNS2012F,0.9,12/14/2012,10:45 AM,30,friday
12 Radio EM December,albuquerque-santa fe,KKRG-FM,R,CNS121212CC,1,12/14/2012,9:45 AM,30,friday
12 Radio EM December,albuquerque-santa fe,KKRG-FM,R,CNS2012B,1,12/14/2012,2:47 PM,30,friday
12 Radio EM December,albuquerque-santa fe,KKRG-FM,R,CNS121212D,1,12/14/2012,3:15 PM,30,friday
12 Radio EM December,albuquerque-santa fe,KKRG-FM,R,CNS121212D,1.3,12/14/2012,8:46 AM,30,friday
12 Radio EM December,albuquerque-santa fe,KKRG-FM,R,CNS2012B,1.4,12/14/2012,7:46 AM,30,friday
12 Radio EM December,albuquerque-santa fe,KKRG-FM,R,CNS121212CC,0,12/15/2012,9:37 PM,30,saturday
12 Radio EM December,albuquerque-santa fe,KKRG-FM,R,CNS121212D,0.1,12/15/2012,8:37 PM,30,saturday
12 Radio EM December,albuquerque-santa fe,KKRG-FM,R,CNS2012B,0.2,12/15/2012,6:16 PM,30,saturday
12 Radio EM December,albuquerque-santa fe,KKRG-FM,R,CNS2012B,0.3,12/15/2012,1:27 PM,30,saturday
12 Radio EM December,albuquerque-santa fe,KKRG-FM,R,CNS2012B,0.4,12/15/2012,12:45 PM,30,saturday
12 Radio EM December,albuquerque-santa fe,KKRG-FM,R,CNS2012F,0.4,12/15/2012,5:44 PM,30,saturday
12 Radio EM December,albuquerque-santa fe,KKRG-FM,R,CNS2012B,0.7,12/15/2012,7:39 PM,30,saturday
12 Radio EM December,albuquerque-santa fe,KKRG-FM,R,CNS121212CC,0.9,12/15/2012,4:14 PM,30,saturday
12 Radio EM December,albuquerque-santa fe,KKRG-FM,R,CNS121212CC,1,12/15/2012,10:17 AM,30,saturday
12 Radio EM December,albuquerque-santa fe,KKRG-FM,R,CNS121212D,1.1,12/15/2012,3:18 PM,30,saturday
12 Radio EM December,albuquerque-santa fe,KKRG-FM,R,CNS2012F,1.7,12/15/2012,11:47 AM,30,saturday
12 Radio EM December,albuquerque-santa fe,KKRG-FM,R,CNS2012B,0,12/16/2012,8:35 PM,30,sunday
12 Radio EM December,albuquerque-santa fe,KKRG-FM,R,CNS2012B,0,12/16/2012,9:41 PM,30,sunday
12 Radio EM December,albuquerque-santa fe,KKRG-FM,R,CNS2012B,0.2,12/16/2012,7:43 PM,30,sunday
12 Radio EM December,albuquerque-santa fe,KKRG-FM,R,CNS121912CC,0,12/19/2012,9:45 AM,30,wednesday
12 Radio EM December,albuquerque-santa fe,KKRG-FM,R,CNS121912CC,0,12/19/2012,8:40 PM,30,wednesday
12 Radio EM December,albuquerque-santa fe,KKRG-FM,R,CNS121212CC,0,12/19/2012,11:46 AM,30,wednesday
12 Radio EM December,albuquerque-santa fe,KKRG-FM,R,CNS2012B,0,12/19/2012,4:45 PM,30,wednesday
12 Radio EM December,albuquerque-santa fe,KKRG-FM,R,CNS2012F,0.2,12/19/2012,2:42 PM,30,wednesday
12 Radio EM December,albuquerque-santa fe,KKRG-FM,R,CNS2012B,0.3,12/19/2012,10:43 AM,30,wednesday
12 Radio EM December,albuquerque-santa fe,KKRG-FM,R,CNS121912CC,0.4,12/19/2012,3:47 PM,30,wednesday
12 Radio EM December,albuquerque-santa fe,KKRG-FM,R,CNS121212CC,0.5,12/19/2012,7:44 AM,30,wednesday
12 Radio EM December,albuquerque-santa fe,KKRG-FM,R,CNS2012F,0.5,12/19/2012,8:47 AM,30,wednesday
12 Radio EM December,albuquerque-santa fe,KKRG-FM,R,CNS2012F,0.5,12/19/2012,7:41 PM,30,wednesday
12 Radio EM December,albuquerque-santa fe,KKRG-FM,R,CNS121212CC,0.6,12/19/2012,5:18 PM,30,wednesday
12 Radio EM December,albuquerque-santa fe,KKRG-FM,R,CNS121212CC,0.8,12/19/2012,6:13 AM,30,wednesday
12 Radio EM December,albuquerque-santa fe,KKRG-FM,R,CNS121212CC,0.9,12/19/2012,6:18 PM,30,wednesday
12 Radio EM December,albuquerque-santa fe,KKRG-FM,R,CNS121212CC,1,12/19/2012,12:49 PM,30,wednesday
12 Radio EM December,albuquerque-santa fe,KKRG-FM,R,CNS2012F,0.3,12/20/2012,8:17 PM,30,thursday
12 Radio EM December,albuquerque-santa fe,KKRG-FM,R,CNS121212CC,0.5,12/20/2012,7:43 PM,30,thursday
12 Radio EM December,albuquerque-santa fe,KKRG-FM,R,CNS121212CC,0.5,12/20/2012,6:48 PM,30,thursday
12 Radio EM December,albuquerque-santa fe,KKRG-FM,R,CNS121912CC,0.5,12/20/2012,4:16 PM,30,thursday
12 Radio EM December,albuquerque-santa fe,KKRG-FM,R,CNS2012B,0.5,12/20/2012,5:16 PM,30,thursday
12 Radio EM December,albuquerque-santa fe,KKRG-FM,R,CNS121212CC,0.9,12/20/2012,8:47 AM,30,thursday
12 Radio EM December,albuquerque-santa fe,KKRG-FM,R,CNS2012B,1,12/20/2012,6:45 AM,30,thursday
12 Radio EM December,albuquerque-santa fe,KKRG-FM,R,CNS2012F,1.3,12/20/2012,9:18 AM,30,thursday
12 Radio EM December,albuquerque-santa fe,KKRG-FM,R,CNS2012F,1.3,12/20/2012,3:14 PM,30,thursday
12 Radio EM December,albuquerque-santa fe,KKRG-FM,R,CNS121212CC,1.4,12/20/2012,7:46 AM,30,thursday
12 Radio EM December,albuquerque-santa fe,KKRG-FM,R,CNS121912CC,1.7,12/20/2012,11:14 AM,30,thursday
12 Radio EM December,albuquerque-santa fe,KKRG-FM,R,CNS121212CC,1.8,12/20/2012,1:43 PM,30,thursday
12 Radio EM December,albuquerque-santa fe,KKRG-FM,R,CNS121212CC,1.8,12/20/2012,2:18 PM,30,thursday
12 Radio EM December,albuquerque-santa fe,KKRG-FM,R,CNS2012B,2.1,12/20/2012,12:45 PM,30,thursday
12 Radio EM December,albuquerque-santa fe,KKRG-FM,R,CNS121212CC,0.2,12/21/2012,7:43 PM,30,friday
12 Radio EM December,albuquerque-santa fe,KKRG-FM,R,CNS121212CC,0.3,12/21/2012,8:15 PM,30,friday
12 Radio EM December,albuquerque-santa fe,KKRG-FM,R,CNS121912CC,0.5,12/21/2012,5:19 PM,30,friday
12 Radio EM December,albuquerque-santa fe,KKRG-FM,R,CNS2012B,0.5,12/21/2012,6:18 PM,30,friday
12 Radio EM December,albuquerque-santa fe,KKRG-FM,R,CNS2012B,0.7,12/21/2012,1:45 PM,30,friday
12 Radio EM December,albuquerque-santa fe,KKRG-FM,R,CNS121912CC,0.8,12/21/2012,6:14 AM,30,friday
12 Radio EM December,albuquerque-santa fe,KKRG-FM,R,CNS2012F,0.9,12/21/2012,10:44 AM,30,friday
12 Radio EM December,albuquerque-santa fe,KKRG-FM,R,CNS121212CC,1,12/21/2012,9:45 AM,30,friday
12 Radio EM December,albuquerque-santa fe,KKRG-FM,R,CNS121212CC,1,12/21/2012,2:45 PM,30,friday
12 Radio EM December,albuquerque-santa fe,KKRG-FM,R,CNS121212CC,1,12/21/2012,3:18 PM,30,friday
12 Radio EM December,albuquerque-santa fe,KKRG-FM,R,CNS2012F,1,12/21/2012,3:49 PM,30,friday
12 Radio EM December,albuquerque-santa fe,KKRG-FM,R,CNS121212CC,1.3,12/21/2012,8:50 AM,30,friday
12 Radio EM December,albuquerque-santa fe,KKRG-FM,R,CNS121912CC,1.3,12/21/2012,12:16 PM,30,friday
12 Radio EM December,albuquerque-santa fe,KKRG-FM,R,CNS2012B,1.4,12/21/2012,7:47 AM,30,friday
12 Radio EM December,albuquerque-santa fe,KKRG-FM,R,CNS2012F,0,12/22/2012,9:14 PM,30,saturday
12 Radio EM December,albuquerque-santa fe,KKRG-FM,R,CNS2012B,0.2,12/22/2012,6:13 PM,30,saturday
12 Radio EM December,albuquerque-santa fe,KKRG-FM,R,CNS2012B,0.3,12/22/2012,1:24 PM,30,saturday
12 Radio EM December,albuquerque-santa fe,KKRG-FM,R,CNS121912CC,0.4,12/22/2012,12:15 PM,30,saturday
12 Radio EM December,albuquerque-santa fe,KKRG-FM,R,CNS121912CC,0.4,12/22/2012,5:17 PM,30,saturday
12 Radio EM December,albuquerque-santa fe,KKRG-FM,R,CNS121212CC,0.7,12/22/2012,7:15 PM,30,saturday
12 Radio EM December,albuquerque-santa fe,KKRG-FM,R,CNS121212CC,0.7,12/22/2012,7:46 PM,30,saturday
12 Radio EM December,albuquerque-santa fe,KKRG-FM,R,CNS121212CC,0.7,12/22/2012,2:16 PM,30,saturday
12 Radio EM December,albuquerque-santa fe,KKRG-FM,R,CNS2012F,0.9,12/22/2012,4:45 PM,30,saturday
12 Radio EM December,albuquerque-santa fe,KKRG-FM,R,CNS2012F,1,12/22/2012,10:47 AM,30,saturday
12 Radio EM December,albuquerque-santa fe,KKRG-FM,R,CNS121212CC,1.1,12/22/2012,3:19 PM,30,saturday
12 Radio EM December,albuquerque-santa fe,KKRG-FM,R,CNS121912CC,0,12/23/2012,9:35 PM,30,sunday
12 Radio EM December,albuquerque-santa fe,KKRG-FM,R,CNS122312DD,0,12/23/2012,8:40 PM,30,sunday
12 Radio EM December,albuquerque-santa fe,KKRG-FM,R,CNS122312DD,0.2,12/23/2012,7:39 PM,30,sunday
12 Radio EM December,albuquerque-santa fe,KKRG-FM,R,CNS2012F,0.3,12/24/2012,9:41 AM,30,monday
12 Radio EM December,albuquerque-santa fe,KKRG-FM,R,CNS2012B,0.3,12/24/2012,10:43 AM,30,monday
12 Radio EM December,albuquerque-santa fe,KKRG-FM,R,CNS122312DD,0.7,12/24/2012,7:38 AM,30,monday
12 Radio EM December,albuquerque-santa fe,KKRG-FM,R,CNS122312DD,0.8,12/24/2012,11:14 AM,30,monday
12 Radio EM December,albuquerque-santa fe,KKRG-FM,R,CNS122312DD,0.9,12/24/2012,6:45 AM,30,monday
12 Radio EM December,albuquerque-santa fe,KKRG-FM,R,CNS121912CC,1.3,12/24/2012,1:43 PM,30,monday
12 Radio EM December,albuquerque-santa fe,KKRG-FM,R,CNS121912CC,1.4,12/24/2012,8:39 AM,30,monday
12 Radio EM December,albuquerque-santa fe,KKRG-FM,R,CNS122312DD,2.7,12/24/2012,12:41 PM,30,monday
12 Radio EM December,albuquerque-santa fe,KKRG-FM,R,CNS080612D,0.3,12/27/2012,8:39 PM,30,thursday
12 Radio EM December,albuquerque-santa fe,KKRG-FM,R,CNS122612CC,0.5,12/27/2012,7:39 PM,30,thursday
12 Radio EM December,albuquerque-santa fe,KKRG-FM,R,CNS080612D,0.9,12/27/2012,8:42 AM,30,thursday
12 Radio EM December,albuquerque-santa fe,KKRG-FM,R,CNS122612DD,1,12/27/2012,6:42 AM,30,thursday
12 Radio EM December,albuquerque-santa fe,KKRG-FM,R,CNS030112C,1.3,12/27/2012,9:43 AM,30,thursday
12 Radio EM December,albuquerque-santa fe,KKRG-FM,R,CNS122612CC,1.4,12/27/2012,7:46 AM,30,thursday
12 Radio EM December,albuquerque-santa fe,KKRG-FM,R,CNS122612CC,1.7,12/27/2012,11:14 AM,30,thursday
12 Radio EM December,albuquerque-santa fe,KKRG-FM,R,CNS030112C,1.8,12/27/2012,1:44 PM,30,thursday
12 Radio EM December,albuquerque-santa fe,KKRG-FM,R,CNS122612DD,1.8,12/27/2012,10:16 AM,30,thursday
12 Radio EM December,albuquerque-santa fe,KKRG-FM,R,CNS122612DD,1.8,12/27/2012,2:45 PM,30,thursday
12 Radio EM December,albuquerque-santa fe,KKRG-FM,R,CNS080612D,2.1,12/27/2012,12:42 PM,30,thursday
12 Radio EM December,albuquerque-santa fe,KKRG-FM,R,CNS080612D,0.2,12/28/2012,7:39 PM,30,friday
12 Radio EM December,albuquerque-santa fe,KKRG-FM,R,CNS030112C,0.3,12/28/2012,8:38 PM,30,friday
12 Radio EM December,albuquerque-santa fe,KKRG-FM,R,CNS030112C,0.3,12/28/2012,4:49 PM,30,friday
12 Radio EM December,albuquerque-santa fe,KKRG-FM,R,CNS080612D,0.3,12/28/2012,4:20 PM,30,friday
12 Radio EM December,albuquerque-santa fe,KKRG-FM,R,CNS122612CC,0.3,12/28/2012,4:17 PM,30,friday
12 Radio EM December,albuquerque-santa fe,KKRG-FM,R,CNS030112C,0.5,12/28/2012,6:15 PM,30,friday
12 Radio EM December,albuquerque-santa fe,KKRG-FM,R,CNS080612D,0.5,12/28/2012,5:46 PM,30,friday
12 Radio EM December,albuquerque-santa fe,KKRG-FM,R,CNS122612CC,0.5,12/28/2012,5:17 PM,30,friday
12 Radio EM December,albuquerque-santa fe,KKRG-FM,R,CNS122612CC,0.5,12/28/2012,6:45 PM,30,friday
12 Radio EM December,albuquerque-santa fe,KKRG-FM,R,CNS122612DD,0.5,12/28/2012,5:15 PM,30,friday
12 Radio EM December,albuquerque-santa fe,KKRG-FM,R,CNS122612DD,0.5,12/28/2012,6:42 PM,30,friday
12 Radio EM December,albuquerque-santa fe,KKRG-FM,R,CNS122612DD,0.7,12/28/2012,1:40 PM,30,friday
12 Radio EM December,albuquerque-santa fe,KKRG-FM,R,CNS030112C,0.8,12/28/2012,6:45 AM,30,friday
12 Radio EM December,albuquerque-santa fe,KKRG-FM,R,CNS080612D,1,12/28/2012,9:16 AM,30,friday
12 Radio EM December,albuquerque-santa fe,KKRG-FM,R,CNS122612CC,1,12/28/2012,2:15 PM,30,friday
12 Radio EM December,albuquerque-santa fe,KKRG-FM,R,CNS030112C,1,12/28/2012,3:16 PM,30,friday
12 Radio EM December,albuquerque-santa fe,KKRG-FM,R,CNS080612D,1,12/28/2012,3:14 PM,30,friday
12 Radio EM December,albuquerque-santa fe,KKRG-FM,R,CNS122612DD,1,12/28/2012,3:46 PM,30,friday
12 Radio EM December,albuquerque-santa fe,KKRG-FM,R,CNS122612CC,1.3,12/28/2012,8:18 AM,30,friday
12 Radio EM December,albuquerque-santa fe,KKRG-FM,R,CNS030112C,1.3,12/28/2012,12:45 PM,30,friday
12 Radio EM December,albuquerque-santa fe,KKRG-FM,R,CNS122612DD,1.4,12/28/2012,7:46 AM,30,friday
12 Radio EM December,albuquerque-santa fe,KKRG-FM,R,CNS080612D,0,12/29/2012,9:32 PM,30,saturday
12 Radio EM December,albuquerque-santa fe,KKRG-FM,R,CNS122612CC,0.1,12/29/2012,8:36 PM,30,saturday
12 Radio EM December,albuquerque-santa fe,KKRG-FM,R,CNS030112C,0.2,12/29/2012,6:43 PM,30,saturday
12 Radio EM December,albuquerque-santa fe,KKRG-FM,R,CNS080612D,0.4,12/29/2012,12:43 PM,30,saturday
12 Radio EM December,albuquerque-santa fe,KKRG-FM,R,CNS080612D,0.4,12/29/2012,5:42 PM,30,saturday
12 Radio EM December,albuquerque-santa fe,KKRG-FM,R,CNS122612DD,0.7,12/29/2012,7:33 PM,30,saturday
12 Radio EM December,albuquerque-santa fe,KKRG-FM,R,CNS030112C,0.7,12/29/2012,2:13 PM,30,saturday
12 Radio EM December,albuquerque-santa fe,KKRG-FM,R,CNS122612CC,0.9,12/29/2012,4:44 PM,30,saturday
12 Radio EM December,albuquerque-santa fe,KKRG-FM,R,CNS122612DD,1,12/29/2012,10:41 AM,30,saturday
12 Radio EM December,albuquerque-santa fe,KKRG-FM,R,CNS122612DD,1.1,12/29/2012,3:43 PM,30,saturday
12 Radio EM December,albuquerque-santa fe,KKRG-FM,R,CNS122612CC,1.7,12/29/2012,11:47 AM,30,saturday
12 Radio EM December,albuquerque-santa fe,KKRG-FM,R,CNS030112C,0,12/30/2012,8:34 PM,30,sunday
12 Radio EM December,albuquerque-santa fe,KKRG-FM,R,CNS030112C,0,12/30/2012,9:36 PM,30,sunday
12 Radio EM December,albuquerque-santa fe,KKRG-FM,R,CNS030112C,0.2,12/30/2012,7:40 PM,30,sunday
12 Radio EM December,austin (hisp) ppm,KLZT-FM,R,CNS112912D,1.2,11/28/2012,8:21 PM,30,wednesday
12 Radio EM December,austin (hisp) ppm,KLZT-FM,R,CNS112912E,1.2,11/28/2012,9:17 PM,30,wednesday
12 Radio EM December,austin (hisp) ppm,KLZT-FM,R,CNS2012F,2.1,11/28/2012,1:46 PM,30,wednesday
12 Radio EM December,austin (hisp) ppm,KLZT-FM,R,CNS112912E,2.2,11/28/2012,9:55 AM,30,wednesday
12 Radio EM December,austin (hisp) ppm,KLZT-FM,R,CNS2012B,2.3,11/28/2012,3:15 PM,30,wednesday
12 Radio EM December,austin (hisp) ppm,KLZT-FM,R,CNS2012B,2.8,11/28/2012,6:36 AM,30,wednesday
12 Radio EM December,austin (hisp) ppm,KLZT-FM,R,CNS112912D,2.9,11/28/2012,8:20 AM,30,wednesday
12 Radio EM December,austin (hisp) ppm,KLZT-FM,R,CNS2012B,2.9,11/28/2012,5:48 PM,30,wednesday
12 Radio EM December,austin (hisp) ppm,KLZT-FM,R,CNS2012F,1.2,11/29/2012,9:22 PM,30,thursday
12 Radio EM December,austin (hisp) ppm,KLZT-FM,R,CNS2012B,2.3,11/29/2012,10:37 AM,30,thursday
12 Radio EM December,austin (hisp) ppm,KLZT-FM,R,CNS2012B,2.3,11/29/2012,11:36 AM,30,thursday
12 Radio EM December,austin (hisp) ppm,KLZT-FM,R,CNS112912E,2.3,11/29/2012,3:20 PM,30,thursday
12 Radio EM December,austin (hisp) ppm,KLZT-FM,R,CNS2012F,2.8,11/29/2012,6:49 AM,30,thursday
12 Radio EM December,austin (hisp) ppm,KLZT-FM,R,CNS2012B,1.7,11/30/2012,7:18 PM,30,friday
12 Radio EM December,austin (hisp) ppm,KLZT-FM,R,CNS112912D,2.1,11/30/2012,1:17 PM,30,friday
12 Radio EM December,austin (hisp) ppm,KLZT-FM,R,CNS2012B,2.2,11/30/2012,9:36 AM,30,friday
12 Radio EM December,austin (hisp) ppm,KLZT-FM,R,CNS112912E,2.3,11/30/2012,3:47 PM,30,friday
12 Radio EM December,austin (hisp) ppm,KLZT-FM,R,CNS2012F,2.4,11/30/2012,4:44 PM,30,friday
12 Radio EM December,austin (hisp) ppm,KLZT-FM,R,CNS2012B,2.9,11/30/2012,8:35 AM,30,friday
12 Radio EM December,austin (hisp) ppm,KLZT-FM,R,CNS112912D,1.1,12/1/2012,1:20 PM,30,saturday
12 Radio EM December,austin (hisp) ppm,KLZT-FM,R,CNS2012B,1.8,12/1/2012,11:43 AM,30,saturday
12 Radio EM December,austin (hisp) ppm,KLZT-FM,R,CNS2012B,1.8,12/1/2012,6:16 PM,30,saturday
12 Radio EM December,austin (hisp) ppm,KLZT-FM,R,CNS112912E,2.6,12/1/2012,3:20 PM,30,saturday
12 Radio EM December,austin (hisp) ppm,KLZT-FM,R,CNS2012F,3.2,12/1/2012,4:48 PM,30,saturday
12 Radio EM December,austin (hisp) ppm,KLZT-FM,R,CNS2012B,0.8,12/2/2012,12:45 PM,30,sunday
12 Radio EM December,austin (hisp) ppm,KLZT-FM,R,CNS2012B,1.2,12/2/2012,2:15 PM,30,sunday
12 Radio EM December,austin (hisp) ppm,KLZT-FM,R,CNS2012B,1.6,12/2/2012,6:48 PM,30,sunday
12 Radio EM December,austin (hisp) ppm,KLZT-FM,R,CNS2012B,1.8,12/2/2012,4:49 PM,30,sunday
12 Radio EM December,austin (hisp) ppm,KLZT-FM,R,CNS2012B,2.3,12/2/2012,5:50 PM,30,sunday
12 Radio EM December,austin (hisp) ppm,KLZT-FM,R,CNS120512D,1.2,12/5/2012,9:14 PM,30,wednesday
12 Radio EM December,austin (hisp) ppm,KLZT-FM,R,CNS2012B,1.2,12/5/2012,8:16 PM,30,wednesday
12 Radio EM December,austin (hisp) ppm,KLZT-FM,R,CNS2012B,1.7,12/5/2012,7:18 PM,30,wednesday
12 Radio EM December,austin (hisp) ppm,KLZT-FM,R,CNS120512D,2.1,12/5/2012,2:46 PM,30,wednesday
12 Radio EM December,austin (hisp) ppm,KLZT-FM,R,CNS2012B,2.1,12/5/2012,1:21 PM,30,wednesday
12 Radio EM December,austin (hisp) ppm,KLZT-FM,R,CNS2012B,2.3,12/5/2012,11:56 AM,30,wednesday
12 Radio EM December,austin (hisp) ppm,KLZT-FM,R,CNS2012F,2.3,12/5/2012,10:20 AM,30,wednesday
12 Radio EM December,austin (hisp) ppm,KLZT-FM,R,CNS120512C,2.3,12/5/2012,3:55 PM,30,wednesday
12 Radio EM December,austin (hisp) ppm,KLZT-FM,R,CNS2012F,2.4,12/5/2012,4:47 PM,30,wednesday
12 Radio EM December,austin (hisp) ppm,KLZT-FM,R,CNS2012B,2.8,12/5/2012,6:18 AM,30,wednesday
12 Radio EM December,austin (hisp) ppm,KLZT-FM,R,CNS120512C,2.9,12/5/2012,8:38 AM,30,wednesday
12 Radio EM December,austin (hisp) ppm,KLZT-FM,R,CNS120512D,3.1,12/5/2012,7:21 AM,30,wednesday
12 Radio EM December,austin (hisp) ppm,KLZT-FM,R,CNS2012B,2,12/6/2012,12:15 PM,30,thursday
12 Radio EM December,austin (hisp) ppm,KLZT-FM,R,CNS120512D,2.1,12/6/2012,1:53 PM,30,thursday
12 Radio EM December,austin (hisp) ppm,KLZT-FM,R,CNS2012B,2.2,12/6/2012,9:57 AM,30,thursday
12 Radio EM December,austin (hisp) ppm,KLZT-FM,R,CNS120512C,2.3,12/6/2012,3:21 PM,30,thursday
12 Radio EM December,austin (hisp) ppm,KLZT-FM,R,CNS2012F,2.9,12/6/2012,8:22 AM,30,thursday
12 Radio EM December,austin (hisp) ppm,KLZT-FM,R,CNS2012F,2.9,12/6/2012,5:47 PM,30,thursday
12 Radio EM December,austin (hisp) ppm,KLZT-FM,R,CNS120512C,3.1,12/6/2012,7:20 AM,30,thursday
12 Radio EM December,austin (hisp) ppm,KLZT-FM,R,CNS2012B,1.7,12/7/2012,7:47 PM,30,friday
12 Radio EM December,austin (hisp) ppm,KLZT-FM,R,CNS2012B,2.4,12/7/2012,4:20 PM,30,friday
12 Radio EM December,austin (hisp) ppm,KLZT-FM,R,CNS120512C,1.3,12/8/2012,2:20 PM,30,saturday
12 Radio EM December,austin (hisp) ppm,KLZT-FM,R,CNS120512D,1.8,12/8/2012,12:17 PM,30,saturday
12 Radio EM December,austin (hisp) ppm,KLZT-FM,R,CNS2012B,1.8,12/8/2012,6:21 PM,30,saturday
12 Radio EM December,austin (hisp) ppm,KLZT-FM,R,CNS2012F,2.6,12/8/2012,3:20 PM,30,saturday
12 Radio EM December,austin (hisp) ppm,KLZT-FM,R,CNS2012B,3.2,12/8/2012,4:19 PM,30,saturday
12 Radio EM December,austin (hisp) ppm,KLZT-FM,R,CNS2012B,1,12/9/2012,10:48 AM,30,sunday
12 Radio EM December,austin (hisp) ppm,KLZT-FM,R,CNS2012B,1.4,12/9/2012,3:15 PM,30,sunday
12 Radio EM December,austin (hisp) ppm,KLZT-FM,R,CNS2012B,1.6,12/9/2012,6:46 PM,30,sunday
12 Radio EM December,austin (hisp) ppm,KLZT-FM,R,CNS2012B,1.7,12/9/2012,1:17 PM,30,sunday
12 Radio EM December,austin (hisp) ppm,KLZT-FM,R,CNS2012B,2.3,12/9/2012,5:14 PM,30,sunday
12 Radio EM December,austin (hisp) ppm,KLZT-FM,R,CNS121212D,1.2,12/12/2012,9:21 PM,30,wednesday
12 Radio EM December,austin (hisp) ppm,KLZT-FM,R,CNS2012B,2,12/12/2012,12:47 PM,30,wednesday
12 Radio EM December,austin (hisp) ppm,KLZT-FM,R,CNS2012F,2.3,12/12/2012,11:20 AM,30,wednesday
12 Radio EM December,austin (hisp) ppm,KLZT-FM,R,CNS2012B,2.3,12/12/2012,3:50 PM,30,wednesday
12 Radio EM December,austin (hisp) ppm,KLZT-FM,R,CNS2012B,2.8,12/12/2012,6:41 AM,30,wednesday
12 Radio EM December,austin (hisp) ppm,KLZT-FM,R,CNS121212C,2.9,12/12/2012,8:58 AM,30,wednesday
12 Radio EM December,austin (hisp) ppm,KLZT-FM,R,CNS121212D,3.1,12/12/2012,7:57 AM,30,wednesday
12 Radio EM December,austin (hisp) ppm,KLZT-FM,R,CNS121212C,1.2,12/13/2012,9:21 PM,30,thursday
12 Radio EM December,austin (hisp) ppm,KLZT-FM,R,CNS121212D,1.2,12/13/2012,8:16 PM,30,thursday
12 Radio EM December,austin (hisp) ppm,KLZT-FM,R,CNS2012F,2.1,12/13/2012,1:20 PM,30,thursday
12 Radio EM December,austin (hisp) ppm,KLZT-FM,R,CNS121212C,2.3,12/13/2012,10:22 AM,30,thursday
12 Radio EM December,austin (hisp) ppm,KLZT-FM,R,CNS2012B,2.3,12/13/2012,3:17 PM,30,thursday
12 Radio EM December,austin (hisp) ppm,KLZT-FM,R,CNS2012B,2.4,12/13/2012,4:17 PM,30,thursday
12 Radio EM December,austin (hisp) ppm,KLZT-FM,R,CNS2012B,1.2,12/14/2012,8:18 PM,30,friday
12 Radio EM December,austin (hisp) ppm,KLZT-FM,R,CNS121212D,2.1,12/14/2012,1:16 PM,30,friday
12 Radio EM December,austin (hisp) ppm,KLZT-FM,R,CNS2012B,2.2,12/14/2012,9:54 AM,30,friday
12 Radio EM December,austin (hisp) ppm,KLZT-FM,R,CNS121212C,2.4,12/14/2012,4:19 PM,30,friday
12 Radio EM December,austin (hisp) ppm,KLZT-FM,R,CNS2012F,2.4,12/14/2012,6:45 PM,30,friday
12 Radio EM December,austin (hisp) ppm,KLZT-FM,R,CNS2012B,2.9,12/14/2012,8:38 AM,30,friday
12 Radio EM December,austin (hisp) ppm,KLZT-FM,R,CNS2012F,3.1,12/14/2012,7:36 AM,30,friday
12 Radio EM December,austin (hisp) ppm,KLZT-FM,R,CNS121212D,1.1,12/15/2012,1:20 PM,30,saturday
12 Radio EM December,austin (hisp) ppm,KLZT-FM,R,CNS2012B,1.8,12/15/2012,6:18 PM,30,saturday
12 Radio EM December,austin (hisp) ppm,KLZT-FM,R,CNS2012B,1.9,12/15/2012,10:37 AM,30,saturday
12 Radio EM December,austin (hisp) ppm,KLZT-FM,R,CNS2012F,2.3,12/15/2012,5:15 PM,30,saturday
12 Radio EM December,austin (hisp) ppm,KLZT-FM,R,CNS121212C,3.2,12/15/2012,4:15 PM,30,saturday
12 Radio EM December,austin (hisp) ppm,KLZT-FM,R,CNS2012B,1.2,12/16/2012,11:48 AM,30,sunday
12 Radio EM December,austin (hisp) ppm,KLZT-FM,R,CNS2012B,1.2,12/16/2012,2:16 PM,30,sunday
12 Radio EM December,austin (hisp) ppm,KLZT-FM,R,CNS2012B,1.4,12/16/2012,3:16 PM,30,sunday
12 Radio EM December,austin (hisp) ppm,KLZT-FM,R,CNS2012B,1.8,12/16/2012,4:20 PM,30,sunday
12 Radio EM December,austin (hisp) ppm,KLZT-FM,R,CNS2012B,2.3,12/16/2012,5:18 PM,30,sunday
12 Radio EM December,austin (hisp) ppm,KLZT-FM,R,CNS2012F,1.2,12/19/2012,8:50 PM,30,wednesday
12 Radio EM December,austin (hisp) ppm,KLZT-FM,R,CNS121212C,1.7,12/19/2012,7:49 PM,30,wednesday
12 Radio EM December,austin (hisp) ppm,KLZT-FM,R,CNS121912C,2,12/19/2012,12:19 PM,30,wednesday
12 Radio EM December,austin (hisp) ppm,KLZT-FM,R,CNS2012B,2.1,12/19/2012,2:17 PM,30,wednesday
12 Radio EM December,austin (hisp) ppm,KLZT-FM,R,CNS121212C,2.2,12/19/2012,9:24 AM,30,wednesday
12 Radio EM December,austin (hisp) ppm,KLZT-FM,R,CNS2012F,2.3,12/19/2012,10:22 AM,30,wednesday
12 Radio EM December,austin (hisp) ppm,KLZT-FM,R,CNS121212C,2.4,12/19/2012,4:22 PM,30,wednesday
12 Radio EM December,austin (hisp) ppm,KLZT-FM,R,CNS121212C,2.9,12/19/2012,8:18 AM,30,wednesday
12 Radio EM December,austin (hisp) ppm,KLZT-FM,R,CNS121212C,1.2,12/20/2012,8:44 PM,30,thursday
12 Radio EM December,austin (hisp) ppm,KLZT-FM,R,CNS121212C,1.2,12/20/2012,9:47 PM,30,thursday
12 Radio EM December,austin (hisp) ppm,KLZT-FM,R,CNS121212C,2,12/20/2012,12:50 PM,30,thursday
12 Radio EM December,austin (hisp) ppm,KLZT-FM,R,CNS2012B,2.2,12/20/2012,9:38 AM,30,thursday
12 Radio EM December,austin (hisp) ppm,KLZT-FM,R,CNS121212C,2.3,12/20/2012,11:38 AM,30,thursday
12 Radio EM December,austin (hisp) ppm,KLZT-FM,R,CNS2012F,2.3,12/20/2012,3:16 PM,30,thursday
12 Radio EM December,austin (hisp) ppm,KLZT-FM,R,CNS121912C,2.4,12/20/2012,4:53 PM,30,thursday
12 Radio EM December,austin (hisp) ppm,KLZT-FM,R,CNS2012B,2.9,12/20/2012,5:46 PM,30,thursday
12 Radio EM December,austin (hisp) ppm,KLZT-FM,R,CNS121912C,3.1,12/20/2012,7:35 AM,30,thursday
12 Radio EM December,austin (hisp) ppm,KLZT-FM,R,CNS2012B,2.3,12/21/2012,3:19 PM,30,friday
12 Radio EM December,austin (hisp) ppm,KLZT-FM,R,CNS2012F,2.8,12/21/2012,6:22 AM,30,friday
12 Radio EM December,austin (hisp) ppm,KLZT-FM,R,CNS121912C,2.9,12/21/2012,8:55 AM,30,friday
12 Radio EM December,austin (hisp) ppm,KLZT-FM,R,CNS121212C,1.1,12/22/2012,1:45 PM,30,saturday
12 Radio EM December,austin (hisp) ppm,KLZT-FM,R,CNS121212C,1.8,12/22/2012,11:46 AM,30,saturday
12 Radio EM December,austin (hisp) ppm,KLZT-FM,R,CNS121912C,2.3,12/22/2012,5:39 PM,30,saturday
12 Radio EM December,austin (hisp) ppm,KLZT-FM,R,CNS2012F,3.2,12/22/2012,4:11 PM,30,saturday
12 Radio EM December,austin (hisp) ppm,KLZT-FM,R,CNS2012B,1,12/23/2012,10:21 AM,30,sunday
12 Radio EM December,austin (hisp) ppm,KLZT-FM,R,CNS2012B,1.2,12/23/2012,11:19 AM,30,sunday
12 Radio EM December,austin (hisp) ppm,KLZT-FM,R,CNS2012B,1.8,12/23/2012,4:46 PM,30,sunday
12 Radio EM December,austin (hisp) ppm,KLZT-FM,R,CNS2012B,2.3,12/23/2012,5:41 PM,30,sunday
12 Radio EM December,austin (hisp) ppm,KLZT-FM,R,CNS080612D,1.2,12/26/2012,9:19 PM,30,wednesday
12 Radio EM December,austin (hisp) ppm,KLZT-FM,R,CNS122612C,1.7,12/26/2012,7:44 PM,30,wednesday
12 Radio EM December,austin (hisp) ppm,KLZT-FM,R,CNS030112C,2,12/26/2012,12:50 PM,30,wednesday
12 Radio EM December,austin (hisp) ppm,KLZT-FM,R,CNS080612D,2.3,12/26/2012,10:19 AM,30,wednesday
12 Radio EM December,austin (hisp) ppm,KLZT-FM,R,CNS122612D,2.3,12/26/2012,3:15 PM,30,wednesday
12 Radio EM December,austin (hisp) ppm,KLZT-FM,R,CNS122612D,2.4,12/26/2012,4:50 PM,30,wednesday
12 Radio EM December,austin (hisp) ppm,KLZT-FM,R,CNS122612D,2.8,12/26/2012,6:35 AM,30,wednesday
12 Radio EM December,austin (hisp) ppm,KLZT-FM,R,CNS122612C,2.9,12/26/2012,8:56 AM,30,wednesday
12 Radio EM December,austin (hisp) ppm,KLZT-FM,R,CNS122612D,3.1,12/26/2012,7:57 AM,30,wednesday
12 Radio EM December,austin (hisp) ppm,KLZT-FM,R,CNS122612D,1.2,12/27/2012,9:16 PM,30,thursday
12 Radio EM December,austin (hisp) ppm,KLZT-FM,R,CNS122612C,2.1,12/27/2012,2:18 PM,30,thursday
12 Radio EM December,austin (hisp) ppm,KLZT-FM,R,CNS122612D,2.1,12/27/2012,1:18 PM,30,thursday
12 Radio EM December,austin (hisp) ppm,KLZT-FM,R,CNS122612D,2.2,12/27/2012,9:21 AM,30,thursday
12 Radio EM December,austin (hisp) ppm,KLZT-FM,R,CNS080612D,2.4,12/27/2012,4:21 PM,30,thursday
12 Radio EM December,austin (hisp) ppm,KLZT-FM,R,CNS030112C,2.9,12/27/2012,5:46 PM,30,thursday
12 Radio EM December,austin (hisp) ppm,KLZT-FM,R,CNS030112C,3.1,12/27/2012,7:22 AM,30,thursday
12 Radio EM December,austin (hisp) ppm,KLZT-FM,R,CNS030112C,1.2,12/28/2012,8:44 PM,30,friday
12 Radio EM December,austin (hisp) ppm,KLZT-FM,R,CNS122612C,2,12/28/2012,12:50 PM,30,friday
12 Radio EM December,austin (hisp) ppm,KLZT-FM,R,CNS080612D,2.3,12/28/2012,3:21 PM,30,friday
12 Radio EM December,austin (hisp) ppm,KLZT-FM,R,CNS122612D,2.8,12/28/2012,6:55 AM,30,friday
12 Radio EM December,austin (hisp) ppm,KLZT-FM,R,CNS122612D,1.1,12/29/2012,1:47 PM,30,saturday
12 Radio EM December,austin (hisp) ppm,KLZT-FM,R,CNS122612D,1.8,12/29/2012,11:17 AM,30,saturday
12 Radio EM December,austin (hisp) ppm,KLZT-FM,R,CNS080612D,2.3,12/29/2012,5:46 PM,30,saturday
12 Radio EM December,austin (hisp) ppm,KLZT-FM,R,CNS122612C,2.6,12/29/2012,3:48 PM,30,saturday
12 Radio EM December,austin (hisp) ppm,KLZT-FM,R,CNS030112C,0.8,12/30/2012,12:45 PM,30,sunday
12 Radio EM December,austin (hisp) ppm,KLZT-FM,R,CNS030112C,1.2,12/30/2012,2:14 PM,30,sunday
12 Radio EM December,austin (hisp) ppm,KLZT-FM,R,CNS030112C,1.4,12/30/2012,3:14 PM,30,sunday
12 Radio EM December,austin (hisp) ppm,KLZT-FM,R,CNS030112C,1.6,12/30/2012,6:43 PM,30,sunday
12 Radio EM December,corpus christi,KSAB-FM,R,CNS2012B,0.8,11/28/2012,9:15 PM,30,wednesday
12 Radio EM December,corpus christi,KSAB-FM,R,CNS2012B,1.6,11/28/2012,2:40 PM,30,wednesday
12 Radio EM December,corpus christi,KSAB-FM,R,CNS2012F,1.7,11/28/2012,5:47 PM,30,wednesday
12 Radio EM December,corpus christi,KSAB-FM,R,CNS2012B,1.9,11/28/2012,7:15 PM,30,wednesday
12 Radio EM December,corpus christi,KSAB-FM,R,CNS112912C,1.9,11/28/2012,4:49 PM,30,wednesday
12 Radio EM December,corpus christi,KSAB-FM,R,CNS112912D,1.9,11/28/2012,4:19 PM,30,wednesday
12 Radio EM December,corpus christi,KSAB-FM,R,CNS2012B,2,11/28/2012,1:46 PM,30,wednesday
12 Radio EM December,corpus christi,KSAB-FM,R,CNS2012F,2.9,11/28/2012,11:42 AM,30,wednesday
12 Radio EM December,corpus christi,KSAB-FM,R,CNS112912D,3.1,11/28/2012,7:40 AM,30,wednesday
12 Radio EM December,corpus christi,KSAB-FM,R,CNS2012B,3.1,11/28/2012,6:19 AM,30,wednesday
12 Radio EM December,corpus christi,KSAB-FM,R,CNS112912C,4,11/28/2012,9:21 AM,30,wednesday
12 Radio EM December,corpus christi,KSAB-FM,R,CNS2012B,1.5,11/29/2012,10:16 AM,30,thursday
12 Radio EM December,corpus christi,KSAB-FM,R,CNS2012F,1.7,11/29/2012,8:17 PM,30,thursday
12 Radio EM December,corpus christi,KSAB-FM,R,CNS2012B,2.7,11/29/2012,12:45 PM,30,thursday
12 Radio EM December,corpus christi,KSAB-FM,R,CNS112912C,3.2,11/29/2012,8:45 AM,30,thursday
12 Radio EM December,corpus christi,KSAB-FM,R,CNS112912D,3.2,11/29/2012,7:22 AM,30,thursday
12 Radio EM December,corpus christi,KSAB-FM,R,CNS2012F,3.7,11/29/2012,9:49 AM,30,thursday
12 Radio EM December,corpus christi,KSAB-FM,R,CNS112912D,4,11/29/2012,3:20 PM,30,thursday
12 Radio EM December,corpus christi,KSAB-FM,R,CNS112912C,4.8,11/29/2012,5:18 PM,30,thursday
12 Radio EM December,corpus christi,KSAB-FM,R,CNS2012B,2.5,11/30/2012,7:25 AM,30,friday
12 Radio EM December,corpus christi,KSAB-FM,R,CNS2012B,2.6,11/30/2012,9:17 PM,30,friday
12 Radio EM December,corpus christi,KSAB-FM,R,CNS112912D,2.9,11/30/2012,11:20 AM,30,friday
12 Radio EM December,corpus christi,KSAB-FM,R,CNS2012B,3.5,11/30/2012,9:28 AM,30,friday
12 Radio EM December,corpus christi,KSAB-FM,R,CNS2012B,4.2,11/30/2012,5:45 PM,30,friday
12 Radio EM December,corpus christi,KSAB-FM,R,CNS2012F,4.3,11/30/2012,3:44 PM,30,friday
12 Radio EM December,corpus christi,KSAB-FM,R,CNS112912C,4.6,11/30/2012,1:39 PM,30,friday
12 Radio EM December,corpus christi,KSAB-FM,R,CNS112912D,1.7,12/1/2012,4:36 PM,30,saturday
12 Radio EM December,corpus christi,KSAB-FM,R,CNS2012F,1.8,12/1/2012,6:47 PM,30,saturday
12 Radio EM December,corpus christi,KSAB-FM,R,CNS112912D,1.9,12/1/2012,8:47 AM,30,saturday
12 Radio EM December,corpus christi,KSAB-FM,R,CNS112912C,2.2,12/1/2012,5:38 PM,30,saturday
12 Radio EM December,corpus christi,KSAB-FM,R,CNS112912C,2.6,12/1/2012,9:48 AM,30,saturday
12 Radio EM December,corpus christi,KSAB-FM,R,CNS2012F,2.7,12/1/2012,11:41 AM,30,saturday
12 Radio EM December,corpus christi,KSAB-FM,R,CNS2012B,2.9,12/1/2012,2:47 PM,30,saturday
12 Radio EM December,corpus christi,KSAB-FM,R,CNS2012B,3.6,12/1/2012,1:37 PM,30,saturday
12 Radio EM December,corpus christi,KSAB-FM,R,CNS2012B,1.3,12/2/2012,8:37 AM,30,sunday
12 Radio EM December,corpus christi,KSAB-FM,R,CNS2012B,1.4,12/2/2012,7:02 AM,30,sunday
12 Radio EM December,corpus christi,KSAB-FM,R,CNS2012B,4,12/2/2012,7:35 PM,30,sunday
12 Radio EM December,corpus christi,KSAB-FM,R,CNS120512D,1.2,12/5/2012,10:14 PM,30,wednesday
12 Radio EM December,corpus christi,KSAB-FM,R,CNS2012B,1.6,12/5/2012,2:42 PM,30,wednesday
12 Radio EM December,corpus christi,KSAB-FM,R,CNS2012B,1.9,12/5/2012,4:43 PM,30,wednesday
12 Radio EM December,corpus christi,KSAB-FM,R,CNS2012F,2.6,12/5/2012,6:44 PM,30,wednesday
12 Radio EM December,corpus christi,KSAB-FM,R,CNS120512D,3.1,12/5/2012,8:52 AM,30,wednesday
12 Radio EM December,corpus christi,KSAB-FM,R,CNS2012B,3.1,12/5/2012,6:24 AM,30,wednesday
12 Radio EM December,corpus christi,KSAB-FM,R,CNS2012F,3.1,12/5/2012,7:42 AM,30,wednesday
12 Radio EM December,corpus christi,KSAB-FM,R,CNS120512C,3.2,12/5/2012,12:14 PM,30,wednesday
12 Radio EM December,corpus christi,KSAB-FM,R,CNS2012B,1.6,12/6/2012,11:15 AM,30,thursday
12 Radio EM December,corpus christi,KSAB-FM,R,CNS2012F,2,12/6/2012,7:42 PM,30,thursday
12 Radio EM December,corpus christi,KSAB-FM,R,CNS120512D,2.3,12/6/2012,9:45 PM,30,thursday
12 Radio EM December,corpus christi,KSAB-FM,R,CNS2012B,2.6,12/6/2012,6:42 PM,30,thursday
12 Radio EM December,corpus christi,KSAB-FM,R,CNS2012F,2.7,12/6/2012,12:42 PM,30,thursday
12 Radio EM December,corpus christi,KSAB-FM,R,CNS120512C,3.2,12/6/2012,7:47 AM,30,thursday
12 Radio EM December,corpus christi,KSAB-FM,R,CNS2012B,3.7,12/6/2012,9:41 AM,30,thursday
12 Radio EM December,corpus christi,KSAB-FM,R,CNS120512C,4,12/6/2012,3:45 PM,30,thursday
12 Radio EM December,corpus christi,KSAB-FM,R,CNS120512D,4.2,12/6/2012,2:42 PM,30,thursday
12 Radio EM December,corpus christi,KSAB-FM,R,CNS2012B,4.8,12/6/2012,5:28 PM,30,thursday
12 Radio EM December,corpus christi,KSAB-FM,R,CNS2012B,2.4,12/7/2012,8:34 PM,30,friday
12 Radio EM December,corpus christi,KSAB-FM,R,CNS2012B,2.5,12/7/2012,6:39 PM,30,friday
12 Radio EM December,corpus christi,KSAB-FM,R,CNS120512C,2.6,12/7/2012,6:53 AM,30,friday
12 Radio EM December,corpus christi,KSAB-FM,R,CNS2012B,3.3,12/7/2012,8:24 AM,30,friday
12 Radio EM December,corpus christi,KSAB-FM,R,CNS2012B,3.5,12/7/2012,9:43 AM,30,friday
12 Radio EM December,corpus christi,KSAB-FM,R,CNS2012F,3.5,12/7/2012,12:16 PM,30,friday
12 Radio EM December,corpus christi,KSAB-FM,R,CNS120512C,5,12/7/2012,4:46 PM,30,friday
12 Radio EM December,corpus christi,KSAB-FM,R,CNS120512D,5.3,12/7/2012,2:43 PM,30,friday
12 Radio EM December,corpus christi,KSAB-FM,R,CNS2012F,1.7,12/8/2012,4:40 PM,30,saturday
12 Radio EM December,corpus christi,KSAB-FM,R,CNS120512C,1.8,12/8/2012,6:48 PM,30,saturday
12 Radio EM December,corpus christi,KSAB-FM,R,CNS2012F,1.9,12/8/2012,8:49 AM,30,saturday
12 Radio EM December,corpus christi,KSAB-FM,R,CNS120512D,2.2,12/8/2012,5:35 PM,30,saturday
12 Radio EM December,corpus christi,KSAB-FM,R,CNS120512D,2.6,12/8/2012,9:44 AM,30,saturday
12 Radio EM December,corpus christi,KSAB-FM,R,CNS120512C,2.7,12/8/2012,11:39 AM,30,saturday
12 Radio EM December,corpus christi,KSAB-FM,R,CNS2012B,2.9,12/8/2012,2:47 PM,30,saturday
12 Radio EM December,corpus christi,KSAB-FM,R,CNS2012B,3.6,12/8/2012,1:38 PM,30,saturday
12 Radio EM December,corpus christi,KSAB-FM,R,CNS2012B,1.3,12/9/2012,8:33 AM,30,sunday
12 Radio EM December,corpus christi,KSAB-FM,R,CNS2012B,1.4,12/9/2012,7:04 AM,30,sunday
12 Radio EM December,corpus christi,KSAB-FM,R,CNS2012B,2.4,12/9/2012,9:36 PM,30,sunday
12 Radio EM December,corpus christi,KSAB-FM,R,CNS121212D,0.8,12/12/2012,9:49 PM,30,wednesday
12 Radio EM December,corpus christi,KSAB-FM,R,CNS2012B,1.7,12/12/2012,5:47 PM,30,wednesday
12 Radio EM December,corpus christi,KSAB-FM,R,CNS2012F,2,12/12/2012,1:14 PM,30,wednesday
12 Radio EM December,corpus christi,KSAB-FM,R,CNS121212C,2.8,12/12/2012,10:42 AM,30,wednesday
12 Radio EM December,corpus christi,KSAB-FM,R,CNS2012B,2.8,12/12/2012,3:45 PM,30,wednesday
12 Radio EM December,corpus christi,KSAB-FM,R,CNS2012B,3.1,12/12/2012,7:45 AM,30,wednesday
12 Radio EM December,corpus christi,KSAB-FM,R,CNS121212D,4,12/12/2012,9:43 AM,30,wednesday
12 Radio EM December,corpus christi,KSAB-FM,R,CNS2012B,1.6,12/13/2012,11:45 AM,30,thursday
12 Radio EM December,corpus christi,KSAB-FM,R,CNS2012B,2.1,12/13/2012,10:43 PM,30,thursday
12 Radio EM December,corpus christi,KSAB-FM,R,CNS2012F,2.6,12/13/2012,6:15 PM,30,thursday
12 Radio EM December,corpus christi,KSAB-FM,R,CNS121212C,3.2,12/13/2012,7:51 AM,30,thursday
12 Radio EM December,corpus christi,KSAB-FM,R,CNS2012F,3.2,12/13/2012,8:49 AM,30,thursday
12 Radio EM December,corpus christi,KSAB-FM,R,CNS2012B,3.7,12/13/2012,9:54 AM,30,thursday
12 Radio EM December,corpus christi,KSAB-FM,R,CNS121212D,4.2,12/13/2012,2:16 PM,30,thursday
12 Radio EM December,corpus christi,KSAB-FM,R,CNS121212C,4.3,12/13/2012,4:17 PM,30,thursday
12 Radio EM December,corpus christi,KSAB-FM,R,CNS2012B,2.4,12/14/2012,8:14 PM,30,friday
12 Radio EM December,corpus christi,KSAB-FM,R,CNS121212D,2.5,12/14/2012,7:27 AM,30,friday
12 Radio EM December,corpus christi,KSAB-FM,R,CNS2012B,2.5,12/14/2012,10:14 PM,30,friday
12 Radio EM December,corpus christi,KSAB-FM,R,CNS2012F,2.5,12/14/2012,6:19 PM,30,friday
12 Radio EM December,corpus christi,KSAB-FM,R,CNS2012B,2.6,12/14/2012,6:43 AM,30,friday
12 Radio EM December,corpus christi,KSAB-FM,R,CNS2012F,2.9,12/14/2012,10:51 AM,30,friday
12 Radio EM December,corpus christi,KSAB-FM,R,CNS121212C,3.5,12/14/2012,9:33 AM,30,friday
12 Radio EM December,corpus christi,KSAB-FM,R,CNS2012B,3.5,12/14/2012,12:15 PM,30,friday
12 Radio EM December,corpus christi,KSAB-FM,R,CNS121212D,4.3,12/14/2012,3:46 PM,30,friday
12 Radio EM December,corpus christi,KSAB-FM,R,CNS2012B,4.6,12/14/2012,1:47 PM,30,friday
12 Radio EM December,corpus christi,KSAB-FM,R,CNS121212C,5,12/14/2012,4:50 PM,30,friday
12 Radio EM December,corpus christi,KSAB-FM,R,CNS121212D,1.7,12/15/2012,4:38 PM,30,saturday
12 Radio EM December,corpus christi,KSAB-FM,R,CNS2012F,1.8,12/15/2012,6:47 PM,30,saturday
12 Radio EM December,corpus christi,KSAB-FM,R,CNS121212D,1.9,12/15/2012,8:40 AM,30,saturday
12 Radio EM December,corpus christi,KSAB-FM,R,CNS121212C,2.2,12/15/2012,5:38 PM,30,saturday
12 Radio EM December,corpus christi,KSAB-FM,R,CNS121212C,2.6,12/15/2012,9:37 AM,30,saturday
12 Radio EM December,corpus christi,KSAB-FM,R,CNS2012F,2.7,12/15/2012,11:44 AM,30,saturday
12 Radio EM December,corpus christi,KSAB-FM,R,CNS2012B,2.9,12/15/2012,2:50 PM,30,saturday
12 Radio EM December,corpus christi,KSAB-FM,R,CNS2012B,3.6,12/15/2012,1:36 PM,30,saturday
12 Radio EM December,corpus christi,KSAB-FM,R,CNS2012B,1.2,12/16/2012,9:37 AM,30,sunday
12 Radio EM December,corpus christi,KSAB-FM,R,CNS2012B,1.4,12/16/2012,7:01 AM,30,sunday
12 Radio EM December,corpus christi,KSAB-FM,R,CNS2012B,3.3,12/16/2012,8:36 PM,30,sunday
12 Radio EM December,corpus christi,KSAB-FM,R,CNS121212C,0.8,12/19/2012,9:16 PM,30,wednesday
12 Radio EM December,corpus christi,KSAB-FM,R,CNS121212C,1.6,12/19/2012,2:43 PM,30,wednesday
12 Radio EM December,corpus christi,KSAB-FM,R,CNS2012B,1.7,12/19/2012,5:48 PM,30,wednesday
12 Radio EM December,corpus christi,KSAB-FM,R,CNS121212C,1.9,12/19/2012,7:17 PM,30,wednesday
12 Radio EM December,corpus christi,KSAB-FM,R,CNS121912C,1.9,12/19/2012,4:44 PM,30,wednesday
12 Radio EM December,corpus christi,KSAB-FM,R,CNS2012F,1.9,12/19/2012,4:19 PM,30,wednesday
12 Radio EM December,corpus christi,KSAB-FM,R,CNS121212C,2,12/19/2012,1:40 PM,30,wednesday
12 Radio EM December,corpus christi,KSAB-FM,R,CNS2012B,2.9,12/19/2012,11:43 AM,30,wednesday
12 Radio EM December,corpus christi,KSAB-FM,R,CNS121212C,3.1,12/19/2012,6:41 AM,30,wednesday
12 Radio EM December,corpus christi,KSAB-FM,R,CNS2012F,3.1,12/19/2012,7:57 AM,30,wednesday
12 Radio EM December,corpus christi,KSAB-FM,R,CNS121912C,4,12/19/2012,9:24 AM,30,wednesday
12 Radio EM December,corpus christi,KSAB-FM,R,CNS121212C,1.5,12/20/2012,10:14 AM,30,thursday
12 Radio EM December,corpus christi,KSAB-FM,R,CNS2012B,2.1,12/20/2012,10:17 PM,30,thursday
12 Radio EM December,corpus christi,KSAB-FM,R,CNS121212C,2.7,12/20/2012,12:41 PM,30,thursday
12 Radio EM December,corpus christi,KSAB-FM,R,CNS121912C,3.2,12/20/2012,8:42 AM,30,thursday
12 Radio EM December,corpus christi,KSAB-FM,R,CNS2012F,3.2,12/20/2012,7:19 AM,30,thursday
12 Radio EM December,corpus christi,KSAB-FM,R,CNS2012B,3.7,12/20/2012,9:24 AM,30,thursday
12 Radio EM December,corpus christi,KSAB-FM,R,CNS2012F,4,12/20/2012,3:16 PM,30,thursday
12 Radio EM December,corpus christi,KSAB-FM,R,CNS121912C,4.8,12/20/2012,5:17 PM,30,thursday
12 Radio EM December,corpus christi,KSAB-FM,R,CNS2012B,2,12/21/2012,7:46 PM,30,friday
12 Radio EM December,corpus christi,KSAB-FM,R,CNS121912C,2.5,12/21/2012,6:47 PM,30,friday
12 Radio EM December,corpus christi,KSAB-FM,R,CNS121212C,2.6,12/21/2012,6:23 AM,30,friday
12 Radio EM December,corpus christi,KSAB-FM,R,CNS2012F,2.9,12/21/2012,11:18 AM,30,friday
12 Radio EM December,corpus christi,KSAB-FM,R,CNS121212C,3.3,12/21/2012,8:26 AM,30,friday
12 Radio EM December,corpus christi,KSAB-FM,R,CNS121212C,4.2,12/21/2012,5:15 PM,30,friday
12 Radio EM December,corpus christi,KSAB-FM,R,CNS2012F,4.2,12/21/2012,5:42 PM,30,friday
12 Radio EM December,corpus christi,KSAB-FM,R,CNS2012B,4.3,12/21/2012,3:44 PM,30,friday
12 Radio EM December,corpus christi,KSAB-FM,R,CNS121912C,4.6,12/21/2012,1:45 PM,30,friday
12 Radio EM December,corpus christi,KSAB-FM,R,CNS121212C,5,12/21/2012,4:17 PM,30,friday
12 Radio EM December,corpus christi,KSAB-FM,R,CNS121212C,1.7,12/22/2012,4:48 PM,30,saturday
12 Radio EM December,corpus christi,KSAB-FM,R,CNS121212C,1.7,12/22/2012,3:53 PM,30,saturday
12 Radio EM December,corpus christi,KSAB-FM,R,CNS2012F,1.8,12/22/2012,6:42 PM,30,saturday
12 Radio EM December,corpus christi,KSAB-FM,R,CNS121212C,1.9,12/22/2012,8:48 AM,30,saturday
12 Radio EM December,corpus christi,KSAB-FM,R,CNS121212C,2.6,12/22/2012,9:51 AM,30,saturday
12 Radio EM December,corpus christi,KSAB-FM,R,CNS2012F,2.6,12/22/2012,10:44 AM,30,saturday
12 Radio EM December,corpus christi,KSAB-FM,R,CNS121912C,2.9,12/22/2012,2:40 PM,30,saturday
12 Radio EM December,corpus christi,KSAB-FM,R,CNS2012B,2.9,12/22/2012,2:50 PM,30,saturday
12 Radio EM December,corpus christi,KSAB-FM,R,CNS2012B,1.2,12/23/2012,9:36 AM,30,sunday
12 Radio EM December,corpus christi,KSAB-FM,R,CNS122312D,1.4,12/23/2012,7:00 AM,30,sunday
12 Radio EM December,corpus christi,KSAB-FM,R,CNS2012F,1.6,12/23/2012,10:39 PM,30,sunday
12 Radio EM December,corpus christi,KSAB-FM,R,CNS122312D,2.2,12/24/2012,6:17 AM,30,monday
12 Radio EM December,corpus christi,KSAB-FM,R,CNS2012B,2.7,12/24/2012,7:42 AM,30,monday
12 Radio EM December,corpus christi,KSAB-FM,R,CNS121912C,2.9,12/24/2012,11:43 AM,30,monday
12 Radio EM December,corpus christi,KSAB-FM,R,CNS122312D,3.2,12/24/2012,1:14 PM,30,monday
12 Radio EM December,corpus christi,KSAB-FM,R,CNS122312D,3.2,12/24/2012,1:38 PM,30,monday
12 Radio EM December,corpus christi,KSAB-FM,R,CNS2012F,4.1,12/24/2012,9:17 AM,30,monday
12 Radio EM December,corpus christi,KSAB-FM,R,CNS030112C,1.5,12/27/2012,10:13 AM,30,thursday
12 Radio EM December,corpus christi,KSAB-FM,R,CNS080612D,1.7,12/27/2012,8:40 PM,30,thursday
12 Radio EM December,corpus christi,KSAB-FM,R,CNS030112C,2.1,12/27/2012,10:41 PM,30,thursday
12 Radio EM December,corpus christi,KSAB-FM,R,CNS122612D,2.7,12/27/2012,12:44 PM,30,thursday
12 Radio EM December,corpus christi,KSAB-FM,R,CNS122612C,3.2,12/27/2012,8:40 AM,30,thursday
12 Radio EM December,corpus christi,KSAB-FM,R,CNS122612D,3.2,12/27/2012,7:24 AM,30,thursday
12 Radio EM December,corpus christi,KSAB-FM,R,CNS080612D,3.7,12/27/2012,9:48 AM,30,thursday
12 Radio EM December,corpus christi,KSAB-FM,R,CNS122612D,4,12/27/2012,3:16 PM,30,thursday
12 Radio EM December,corpus christi,KSAB-FM,R,CNS122612C,4.8,12/27/2012,5:26 PM,30,thursday
12 Radio EM December,corpus christi,KSAB-FM,R,CNS122612D,2,12/28/2012,7:40 PM,30,friday
12 Radio EM December,corpus christi,KSAB-FM,R,CNS122612D,2.5,12/28/2012,7:21 AM,30,friday
12 Radio EM December,corpus christi,KSAB-FM,R,CNS122612C,2.6,12/28/2012,9:43 PM,30,friday
12 Radio EM December,corpus christi,KSAB-FM,R,CNS122612C,2.9,12/28/2012,11:17 AM,30,friday
12 Radio EM December,corpus christi,KSAB-FM,R,CNS122612D,3.5,12/28/2012,9:24 AM,30,friday
12 Radio EM December,corpus christi,KSAB-FM,R,CNS122612D,4.2,12/28/2012,5:47 PM,30,friday
12 Radio EM December,corpus christi,KSAB-FM,R,CNS030112C,4.3,12/28/2012,3:44 PM,30,friday
12 Radio EM December,corpus christi,KSAB-FM,R,CNS080612D,4.6,12/28/2012,1:43 PM,30,friday
12 Radio EM December,corpus christi,KSAB-FM,R,CNS030112C,1.7,12/29/2012,4:49 PM,30,saturday
12 Radio EM December,corpus christi,KSAB-FM,R,CNS080612D,1.7,12/29/2012,3:54 PM,30,saturday
12 Radio EM December,corpus christi,KSAB-FM,R,CNS122612D,1.8,12/29/2012,6:37 PM,30,saturday
12 Radio EM December,corpus christi,KSAB-FM,R,CNS080612D,1.9,12/29/2012,8:36 AM,30,saturday
12 Radio EM December,corpus christi,KSAB-FM,R,CNS122612D,2.2,12/29/2012,12:52 PM,30,saturday
12 Radio EM December,corpus christi,KSAB-FM,R,CNS030112C,2.6,12/29/2012,9:35 AM,30,saturday
12 Radio EM December,corpus christi,KSAB-FM,R,CNS122612D,2.6,12/29/2012,10:52 AM,30,saturday
12 Radio EM December,corpus christi,KSAB-FM,R,CNS122612C,2.9,12/29/2012,2:39 PM,30,saturday
12 Radio EM December,corpus christi,KSAB-FM,R,CNS030112C,1.2,12/30/2012,6:47 AM,30,sunday
12 Radio EM December,corpus christi,KSAB-FM,R,CNS030112C,1.3,12/30/2012,8:36 AM,30,sunday
12 Radio EM December,corpus christi,KSAB-FM,R,CNS030112C,2.4,12/30/2012,9:36 PM,30,sunday
12 Radio EM December,dallas (hisp) ppm,KNOR-FM,R,CNS2012B,0.3,11/26/2012,5:23 AM,30,monday
12 Radio EM December,dallas (hisp) ppm,KNOR-FM,R,CNS112912C,0.3,11/28/2012,10:21 PM,30,wednesday
12 Radio EM December,dallas (hisp) ppm,KNOR-FM,R,CNS112912D,0.5,11/28/2012,9:20 PM,30,wednesday
12 Radio EM December,dallas (hisp) ppm,KNOR-FM,R,CNS2012B,0.5,11/28/2012,7:24 PM,30,wednesday
12 Radio EM December,dallas (hisp) ppm,KNOR-FM,R,CNS2012B,0.6,11/28/2012,8:20 PM,30,wednesday
12 Radio EM December,dallas (hisp) ppm,KNOR-FM,R,CNS112912D,0.8,11/28/2012,3:35 PM,30,wednesday
12 Radio EM December,dallas (hisp) ppm,KNOR-FM,R,CNS2012B,0.9,11/28/2012,2:52 PM,30,wednesday
12 Radio EM December,dallas (hisp) ppm,KNOR-FM,R,CNS112912C,1.1,11/28/2012,4:35 PM,30,wednesday
12 Radio EM December,dallas (hisp) ppm,KNOR-FM,R,CNS2012F,1.1,11/28/2012,5:39 PM,30,wednesday
12 Radio EM December,dallas (hisp) ppm,KNOR-FM,R,CNS2012B,1.4,11/28/2012,1:54 PM,30,wednesday
12 Radio EM December,dallas (hisp) ppm,KNOR-FM,R,CNS2012B,1.7,11/28/2012,7:20 AM,30,wednesday
12 Radio EM December,dallas (hisp) ppm,KNOR-FM,R,CNS112912C,1.9,11/28/2012,9:22 AM,30,wednesday
12 Radio EM December,dallas (hisp) ppm,KNOR-FM,R,CNS112912D,1.9,11/28/2012,8:20 AM,30,wednesday
12 Radio EM December,dallas (hisp) ppm,KNOR-FM,R,CNS2012F,2,11/28/2012,11:36 AM,30,wednesday
12 Radio EM December,dallas (hisp) ppm,KNOR-FM,R,CNS112912C,0.5,11/29/2012,9:35 PM,30,thursday
12 Radio EM December,dallas (hisp) ppm,KNOR-FM,R,CNS112912D,0.5,11/29/2012,7:50 PM,30,thursday
12 Radio EM December,dallas (hisp) ppm,KNOR-FM,R,CNS2012F,0.8,11/29/2012,3:35 PM,30,thursday
12 Radio EM December,dallas (hisp) ppm,KNOR-FM,R,CNS2012B,1.1,11/29/2012,4:37 PM,30,thursday
12 Radio EM December,dallas (hisp) ppm,KNOR-FM,R,CNS2012B,1.1,11/29/2012,5:37 PM,30,thursday
12 Radio EM December,dallas (hisp) ppm,KNOR-FM,R,CNS2012F,1.7,11/29/2012,7:37 AM,30,thursday
12 Radio EM December,dallas (hisp) ppm,KNOR-FM,R,CNS2012B,1.9,11/29/2012,8:20 AM,30,thursday
12 Radio EM December,dallas (hisp) ppm,KNOR-FM,R,CNS2012B,1.9,11/29/2012,9:54 AM,30,thursday
12 Radio EM December,dallas (hisp) ppm,KNOR-FM,R,CNS112912C,2,11/29/2012,12:38 PM,30,thursday
12 Radio EM December,dallas (hisp) ppm,KNOR-FM,R,CNS112912D,2,11/29/2012,10:37 AM,30,thursday
12 Radio EM December,dallas (hisp) ppm,KNOR-FM,R,CNS2012F,0.3,11/30/2012,10:20 PM,30,friday
12 Radio EM December,dallas (hisp) ppm,KNOR-FM,R,CNS112912C,0.5,11/30/2012,9:20 PM,30,friday
12 Radio EM December,dallas (hisp) ppm,KNOR-FM,R,CNS112912D,0.6,11/30/2012,8:20 PM,30,friday
12 Radio EM December,dallas (hisp) ppm,KNOR-FM,R,CNS2012F,0.8,11/30/2012,3:50 PM,30,friday
12 Radio EM December,dallas (hisp) ppm,KNOR-FM,R,CNS112912C,0.9,11/30/2012,2:35 PM,30,friday
12 Radio EM December,dallas (hisp) ppm,KNOR-FM,R,CNS2012B,1.1,11/30/2012,4:37 PM,30,friday
12 Radio EM December,dallas (hisp) ppm,KNOR-FM,R,CNS2012B,1.1,11/30/2012,5:21 PM,30,friday
12 Radio EM December,dallas (hisp) ppm,KNOR-FM,R,CNS2012F,1.7,11/30/2012,7:37 AM,30,friday
12 Radio EM December,dallas (hisp) ppm,KNOR-FM,R,CNS2012B,1.9,11/30/2012,8:35 AM,30,friday
12 Radio EM December,dallas (hisp) ppm,KNOR-FM,R,CNS2012B,1.9,11/30/2012,9:50 AM,30,friday
12 Radio EM December,dallas (hisp) ppm,KNOR-FM,R,CNS112912D,2,11/30/2012,11:22 AM,30,friday
12 Radio EM December,dallas (hisp) ppm,KNOR-FM,R,CNS2012F,0.5,12/1/2012,8:50 PM,30,saturday
12 Radio EM December,dallas (hisp) ppm,KNOR-FM,R,CNS2012F,0.5,12/1/2012,1:20 PM,30,saturday
12 Radio EM December,dallas (hisp) ppm,KNOR-FM,R,CNS2012B,0.5,12/1/2012,3:22 PM,30,saturday
12 Radio EM December,dallas (hisp) ppm,KNOR-FM,R,CNS2012B,0.5,12/1/2012,4:53 PM,30,saturday
12 Radio EM December,dallas (hisp) ppm,KNOR-FM,R,CNS2012B,0.6,12/1/2012,9:20 PM,30,saturday
12 Radio EM December,dallas (hisp) ppm,KNOR-FM,R,CNS112912C,0.8,12/1/2012,7:50 PM,30,saturday
12 Radio EM December,dallas (hisp) ppm,KNOR-FM,R,CNS112912D,0.8,12/1/2012,5:22 PM,30,saturday
12 Radio EM December,dallas (hisp) ppm,KNOR-FM,R,CNS112912C,0.9,12/1/2012,12:38 PM,30,saturday
12 Radio EM December,dallas (hisp) ppm,KNOR-FM,R,CNS2012B,1,12/1/2012,8:50 AM,30,saturday
12 Radio EM December,dallas (hisp) ppm,KNOR-FM,R,CNS112912D,1.1,12/1/2012,11:35 AM,30,saturday
12 Radio EM December,dallas (hisp) ppm,KNOR-FM,R,CNS2012B,1.3,12/1/2012,10:22 AM,30,saturday
12 Radio EM December,dallas (hisp) ppm,KNOR-FM,R,CNS2012B,0.6,12/2/2012,3:50 PM,30,sunday
12 Radio EM December,dallas (hisp) ppm,KNOR-FM,R,CNS2012B,0.6,12/2/2012,5:50 PM,30,sunday
12 Radio EM December,dallas (hisp) ppm,KNOR-FM,R,CNS2012B,0.7,12/2/2012,4:20 PM,30,sunday
12 Radio EM December,dallas (hisp) ppm,KNOR-FM,R,CNS2012B,0.5,12/5/2012,9:26 PM,30,wednesday
12 Radio EM December,dallas (hisp) ppm,KNOR-FM,R,CNS2012B,0.6,12/5/2012,8:42 PM,30,wednesday
12 Radio EM December,dallas (hisp) ppm,KNOR-FM,R,CNS120612D,0.8,12/5/2012,3:47 PM,30,wednesday
12 Radio EM December,dallas (hisp) ppm,KNOR-FM,R,CNS2012B,0.9,12/5/2012,2:42 PM,30,wednesday
12 Radio EM December,dallas (hisp) ppm,KNOR-FM,R,CNS120612C,1.1,12/5/2012,4:43 PM,30,wednesday
12 Radio EM December,dallas (hisp) ppm,KNOR-FM,R,CNS2012F,1.1,12/5/2012,5:26 PM,30,wednesday
12 Radio EM December,dallas (hisp) ppm,KNOR-FM,R,CNS2012B,1.4,12/5/2012,1:20 PM,30,wednesday
12 Radio EM December,dallas (hisp) ppm,KNOR-FM,R,CNS2012B,1.7,12/5/2012,7:20 AM,30,wednesday
12 Radio EM December,dallas (hisp) ppm,KNOR-FM,R,CNS120612C,1.9,12/5/2012,9:47 AM,30,wednesday
12 Radio EM December,dallas (hisp) ppm,KNOR-FM,R,CNS120612D,1.9,12/5/2012,8:42 AM,30,wednesday
12 Radio EM December,dallas (hisp) ppm,KNOR-FM,R,CNS2012F,2,12/5/2012,11:25 AM,30,wednesday
12 Radio EM December,dallas (hisp) ppm,KNOR-FM,R,CNS120612D,0.5,12/6/2012,9:25 PM,30,thursday
12 Radio EM December,dallas (hisp) ppm,KNOR-FM,R,CNS2012B,0.5,12/6/2012,7:23 PM,30,thursday
12 Radio EM December,dallas (hisp) ppm,KNOR-FM,R,CNS120612C,0.8,12/6/2012,3:22 PM,30,thursday
12 Radio EM December,dallas (hisp) ppm,KNOR-FM,R,CNS2012B,1.1,12/6/2012,5:21 PM,30,thursday
12 Radio EM December,dallas (hisp) ppm,KNOR-FM,R,CNS2012F,1.1,12/6/2012,4:26 PM,30,thursday
12 Radio EM December,dallas (hisp) ppm,KNOR-FM,R,CNS120612D,1.7,12/6/2012,7:20 AM,30,thursday
12 Radio EM December,dallas (hisp) ppm,KNOR-FM,R,CNS120612C,1.9,12/6/2012,8:20 AM,30,thursday
12 Radio EM December,dallas (hisp) ppm,KNOR-FM,R,CNS2012F,1.9,12/6/2012,9:48 AM,30,thursday
12 Radio EM December,dallas (hisp) ppm,KNOR-FM,R,CNS120612D,2,12/6/2012,12:20 PM,30,thursday
12 Radio EM December,dallas (hisp) ppm,KNOR-FM,R,CNS2012B,2,12/6/2012,10:20 AM,30,thursday
12 Radio EM December,dallas (hisp) ppm,KNOR-FM,R,CNS2012B,2,12/6/2012,11:20 AM,30,thursday
12 Radio EM December,dallas (hisp) ppm,KNOR-FM,R,CNS120612C,0.3,12/7/2012,10:47 PM,30,friday
12 Radio EM December,dallas (hisp) ppm,KNOR-FM,R,CNS120612D,0.5,12/7/2012,9:25 PM,30,friday
12 Radio EM December,dallas (hisp) ppm,KNOR-FM,R,CNS2012B,0.6,12/7/2012,8:20 PM,30,friday
12 Radio EM December,dallas (hisp) ppm,KNOR-FM,R,CNS120612C,0.8,12/7/2012,3:23 PM,30,friday
12 Radio EM December,dallas (hisp) ppm,KNOR-FM,R,CNS2012F,0.8,12/7/2012,3:47 PM,30,friday
12 Radio EM December,dallas (hisp) ppm,KNOR-FM,R,CNS2012B,1.1,12/7/2012,4:46 PM,30,friday
12 Radio EM December,dallas (hisp) ppm,KNOR-FM,R,CNS120612D,1.4,12/7/2012,1:42 PM,30,friday
12 Radio EM December,dallas (hisp) ppm,KNOR-FM,R,CNS120612C,1.7,12/7/2012,7:26 AM,30,friday
12 Radio EM December,dallas (hisp) ppm,KNOR-FM,R,CNS2012B,1.9,12/7/2012,9:44 AM,30,friday
12 Radio EM December,dallas (hisp) ppm,KNOR-FM,R,CNS2012F,1.9,12/7/2012,8:47 AM,30,friday
12 Radio EM December,dallas (hisp) ppm,KNOR-FM,R,CNS2012B,2,12/7/2012,10:20 AM,30,friday
12 Radio EM December,dallas (hisp) ppm,KNOR-FM,R,CNS120612D,0.4,12/8/2012,11:20 PM,30,saturday
12 Radio EM December,dallas (hisp) ppm,KNOR-FM,R,CNS2012B,0.5,12/8/2012,8:42 PM,30,saturday
12 Radio EM December,dallas (hisp) ppm,KNOR-FM,R,CNS120612D,0.5,12/8/2012,4:43 PM,30,saturday
12 Radio EM December,dallas (hisp) ppm,KNOR-FM,R,CNS2012B,0.5,12/8/2012,4:26 PM,30,saturday
12 Radio EM December,dallas (hisp) ppm,KNOR-FM,R,CNS2012B,0.6,12/8/2012,9:20 PM,30,saturday
12 Radio EM December,dallas (hisp) ppm,KNOR-FM,R,CNS2012B,0.7,12/8/2012,2:26 PM,30,saturday
12 Radio EM December,dallas (hisp) ppm,KNOR-FM,R,CNS2012F,0.8,12/8/2012,7:23 PM,30,saturday
12 Radio EM December,dallas (hisp) ppm,KNOR-FM,R,CNS120612C,0.8,12/8/2012,5:23 PM,30,saturday
12 Radio EM December,dallas (hisp) ppm,KNOR-FM,R,CNS2012F,1.1,12/8/2012,11:23 AM,30,saturday
12 Radio EM December,dallas (hisp) ppm,KNOR-FM,R,CNS2012B,0.3,12/9/2012,8:42 AM,30,sunday
12 Radio EM December,dallas (hisp) ppm,KNOR-FM,R,CNS2012B,0.5,12/9/2012,1:21 PM,30,sunday
12 Radio EM December,dallas (hisp) ppm,KNOR-FM,R,CNS2012B,0.5,12/9/2012,2:44 PM,30,sunday
12 Radio EM December,dallas (hisp) ppm,KNOR-FM,R,CNS2012B,0.6,12/9/2012,3:45 PM,30,sunday
12 Radio EM December,dallas (hisp) ppm,KNOR-FM,R,CNS2012B,0.6,12/9/2012,5:44 PM,30,sunday
12 Radio EM December,dallas (hisp) ppm,KNOR-FM,R,CNS2012B,0.7,12/9/2012,4:44 PM,30,sunday
12 Radio EM December,dallas (hisp) ppm,KNOR-FM,R,CNS121312C,0.3,12/12/2012,10:46 PM,30,wednesday
12 Radio EM December,dallas (hisp) ppm,KNOR-FM,R,CNS2012B,0.5,12/12/2012,7:25 PM,30,wednesday
12 Radio EM December,dallas (hisp) ppm,KNOR-FM,R,CNS121312D,0.5,12/12/2012,9:20 PM,30,wednesday
12 Radio EM December,dallas (hisp) ppm,KNOR-FM,R,CNS2012B,0.6,12/12/2012,8:42 PM,30,wednesday
12 Radio EM December,dallas (hisp) ppm,KNOR-FM,R,CNS121312D,0.8,12/12/2012,3:20 PM,30,wednesday
12 Radio EM December,dallas (hisp) ppm,KNOR-FM,R,CNS121312C,1.1,12/12/2012,4:23 PM,30,wednesday
12 Radio EM December,dallas (hisp) ppm,KNOR-FM,R,CNS2012F,1.1,12/12/2012,5:21 PM,30,wednesday
12 Radio EM December,dallas (hisp) ppm,KNOR-FM,R,CNS2012B,1.4,12/12/2012,1:26 PM,30,wednesday
12 Radio EM December,dallas (hisp) ppm,KNOR-FM,R,CNS2012B,1.7,12/12/2012,7:25 AM,30,wednesday
12 Radio EM December,dallas (hisp) ppm,KNOR-FM,R,CNS121312C,1.9,12/12/2012,9:26 AM,30,wednesday
12 Radio EM December,dallas (hisp) ppm,KNOR-FM,R,CNS121312D,1.9,12/12/2012,8:42 AM,30,wednesday
12 Radio EM December,dallas (hisp) ppm,KNOR-FM,R,CNS2012B,2,12/12/2012,11:24 AM,30,wednesday
12 Radio EM December,dallas (hisp) ppm,KNOR-FM,R,CNS2012F,2,12/12/2012,10:44 AM,30,wednesday
12 Radio EM December,dallas (hisp) ppm,KNOR-FM,R,CNS121312D,0.5,12/13/2012,7:42 PM,30,thursday
12 Radio EM December,dallas (hisp) ppm,KNOR-FM,R,CNS121312C,0.6,12/13/2012,8:47 PM,30,thursday
12 Radio EM December,dallas (hisp) ppm,KNOR-FM,R,CNS2012B,0.8,12/13/2012,3:46 PM,30,thursday
12 Radio EM December,dallas (hisp) ppm,KNOR-FM,R,CNS2012F,0.8,12/13/2012,3:25 PM,30,thursday
12 Radio EM December,dallas (hisp) ppm,KNOR-FM,R,CNS121312C,0.9,12/13/2012,2:45 PM,30,thursday
12 Radio EM December,dallas (hisp) ppm,KNOR-FM,R,CNS2012B,1.1,12/13/2012,5:45 PM,30,thursday
12 Radio EM December,dallas (hisp) ppm,KNOR-FM,R,CNS2012F,1.7,12/13/2012,7:42 AM,30,thursday
12 Radio EM December,dallas (hisp) ppm,KNOR-FM,R,CNS2012B,1.9,12/13/2012,8:25 AM,30,thursday
12 Radio EM December,dallas (hisp) ppm,KNOR-FM,R,CNS2012B,1.9,12/13/2012,9:43 AM,30,thursday
12 Radio EM December,dallas (hisp) ppm,KNOR-FM,R,CNS121312D,2,12/13/2012,10:20 AM,30,thursday
12 Radio EM December,dallas (hisp) ppm,KNOR-FM,R,CNS2012F,0.3,12/14/2012,10:42 PM,30,friday
12 Radio EM December,dallas (hisp) ppm,KNOR-FM,R,CNS121312C,0.5,12/14/2012,9:20 PM,30,friday
12 Radio EM December,dallas (hisp) ppm,KNOR-FM,R,CNS121312D,0.5,12/14/2012,7:24 PM,30,friday
12 Radio EM December,dallas (hisp) ppm,KNOR-FM,R,CNS2012F,0.8,12/14/2012,3:20 PM,30,friday
12 Radio EM December,dallas (hisp) ppm,KNOR-FM,R,CNS121312C,0.9,12/14/2012,2:25 PM,30,friday
12 Radio EM December,dallas (hisp) ppm,KNOR-FM,R,CNS2012B,1.1,12/14/2012,4:21 PM,30,friday
12 Radio EM December,dallas (hisp) ppm,KNOR-FM,R,CNS2012B,1.1,12/14/2012,5:45 PM,30,friday
12 Radio EM December,dallas (hisp) ppm,KNOR-FM,R,CNS2012F,1.7,12/14/2012,7:42 AM,30,friday
12 Radio EM December,dallas (hisp) ppm,KNOR-FM,R,CNS2012B,1.9,12/14/2012,8:42 AM,30,friday
12 Radio EM December,dallas (hisp) ppm,KNOR-FM,R,CNS2012B,1.9,12/14/2012,9:20 AM,30,friday
12 Radio EM December,dallas (hisp) ppm,KNOR-FM,R,CNS121312D,2,12/14/2012,10:48 AM,30,friday
12 Radio EM December,dallas (hisp) ppm,KNOR-FM,R,CNS121312C,0.5,12/15/2012,8:44 PM,30,saturday
12 Radio EM December,dallas (hisp) ppm,KNOR-FM,R,CNS2012B,0.5,12/15/2012,4:43 PM,30,saturday
12 Radio EM December,dallas (hisp) ppm,KNOR-FM,R,CNS2012F,0.5,12/15/2012,3:25 PM,30,saturday
12 Radio EM December,dallas (hisp) ppm,KNOR-FM,R,CNS2012F,0.6,12/15/2012,9:20 PM,30,saturday
12 Radio EM December,dallas (hisp) ppm,KNOR-FM,R,CNS121312C,0.7,12/15/2012,2:44 PM,30,saturday
12 Radio EM December,dallas (hisp) ppm,KNOR-FM,R,CNS121312D,0.8,12/15/2012,7:42 PM,30,saturday
12 Radio EM December,dallas (hisp) ppm,KNOR-FM,R,CNS2012B,0.8,12/15/2012,5:46 PM,30,saturday
12 Radio EM December,dallas (hisp) ppm,KNOR-FM,R,CNS121312D,0.9,12/15/2012,12:24 PM,30,saturday
12 Radio EM December,dallas (hisp) ppm,KNOR-FM,R,CNS2012B,1.1,12/15/2012,11:22 AM,30,saturday
12 Radio EM December,dallas (hisp) ppm,KNOR-FM,R,CNS2012B,1.3,12/15/2012,10:43 AM,30,saturday
12 Radio EM December,dallas (hisp) ppm,KNOR-FM,R,CNS2012B,0.5,12/16/2012,8:20 PM,30,sunday
12 Radio EM December,dallas (hisp) ppm,KNOR-FM,R,CNS2012B,0.6,12/16/2012,5:22 PM,30,sunday
12 Radio EM December,dallas (hisp) ppm,KNOR-FM,R,CNS2012B,0.6,12/16/2012,3:43 PM,30,sunday
12 Radio EM December,dallas (hisp) ppm,KNOR-FM,R,CNS2012B,0.6,12/16/2012,5:47 PM,30,sunday
12 Radio EM December,dallas (hisp) ppm,KNOR-FM,R,CNS2012B,0.7,12/16/2012,4:43 PM,30,sunday
12 Radio EM December,dallas (hisp) ppm,KNOR-FM,R,CNS2012F,0.2,12/19/2012,11:20 PM,30,wednesday
12 Radio EM December,dallas (hisp) ppm,KNOR-FM,R,CNS121312C,0.5,12/19/2012,9:20 PM,30,wednesday
12 Radio EM December,dallas (hisp) ppm,KNOR-FM,R,CNS2012B,0.5,12/19/2012,7:44 PM,30,wednesday
12 Radio EM December,dallas (hisp) ppm,KNOR-FM,R,CNS121312C,0.6,12/19/2012,8:47 PM,30,wednesday
12 Radio EM December,dallas (hisp) ppm,KNOR-FM,R,CNS121312C,0.8,12/19/2012,3:25 PM,30,wednesday
12 Radio EM December,dallas (hisp) ppm,KNOR-FM,R,CNS121312C,0.9,12/19/2012,2:45 PM,30,wednesday
12 Radio EM December,dallas (hisp) ppm,KNOR-FM,R,CNS2012B,0.9,12/19/2012,2:20 PM,30,wednesday
12 Radio EM December,dallas (hisp) ppm,KNOR-FM,R,CNS122012C,1.1,12/19/2012,5:22 PM,30,wednesday
12 Radio EM December,dallas (hisp) ppm,KNOR-FM,R,CNS2012F,1.1,12/19/2012,4:45 PM,30,wednesday
12 Radio EM December,dallas (hisp) ppm,KNOR-FM,R,CNS121312C,1.7,12/19/2012,7:20 AM,30,wednesday
12 Radio EM December,dallas (hisp) ppm,KNOR-FM,R,CNS121312C,1.9,12/19/2012,8:44 AM,30,wednesday
12 Radio EM December,dallas (hisp) ppm,KNOR-FM,R,CNS2012F,1.9,12/19/2012,9:47 AM,30,wednesday
12 Radio EM December,dallas (hisp) ppm,KNOR-FM,R,CNS122012C,2,12/19/2012,11:20 AM,30,wednesday
12 Radio EM December,dallas (hisp) ppm,KNOR-FM,R,CNS122012C,0.3,12/20/2012,10:42 PM,30,thursday
12 Radio EM December,dallas (hisp) ppm,KNOR-FM,R,CNS121312C,0.5,12/20/2012,7:26 PM,30,thursday
12 Radio EM December,dallas (hisp) ppm,KNOR-FM,R,CNS2012F,0.5,12/20/2012,9:20 PM,30,thursday
12 Radio EM December,dallas (hisp) ppm,KNOR-FM,R,CNS122012C,0.8,12/20/2012,3:24 PM,30,thursday
12 Radio EM December,dallas (hisp) ppm,KNOR-FM,R,CNS121312C,1.1,12/20/2012,5:43 PM,30,thursday
12 Radio EM December,dallas (hisp) ppm,KNOR-FM,R,CNS2012B,1.1,12/20/2012,4:45 PM,30,thursday
12 Radio EM December,dallas (hisp) ppm,KNOR-FM,R,CNS2012F,1.4,12/20/2012,1:42 PM,30,thursday
12 Radio EM December,dallas (hisp) ppm,KNOR-FM,R,CNS122012C,1.7,12/20/2012,7:20 AM,30,thursday
12 Radio EM December,dallas (hisp) ppm,KNOR-FM,R,CNS121312C,1.9,12/20/2012,9:48 AM,30,thursday
12 Radio EM December,dallas (hisp) ppm,KNOR-FM,R,CNS2012B,1.9,12/20/2012,8:25 AM,30,thursday
12 Radio EM December,dallas (hisp) ppm,KNOR-FM,R,CNS121312C,2,12/20/2012,12:22 PM,30,thursday
12 Radio EM December,dallas (hisp) ppm,KNOR-FM,R,CNS2012F,0.5,12/21/2012,7:43 PM,30,friday
12 Radio EM December,dallas (hisp) ppm,KNOR-FM,R,CNS122012C,0.6,12/21/2012,8:23 PM,30,friday
12 Radio EM December,dallas (hisp) ppm,KNOR-FM,R,CNS2012B,0.8,12/21/2012,3:45 PM,30,friday
12 Radio EM December,dallas (hisp) ppm,KNOR-FM,R,CNS121312C,1.1,12/21/2012,4:46 PM,30,friday
12 Radio EM December,dallas (hisp) ppm,KNOR-FM,R,CNS121312C,1.1,12/21/2012,5:43 PM,30,friday
12 Radio EM December,dallas (hisp) ppm,KNOR-FM,R,CNS2012B,1.7,12/21/2012,7:46 AM,30,friday
12 Radio EM December,dallas (hisp) ppm,KNOR-FM,R,CNS121312C,1.9,12/21/2012,8:26 AM,30,friday
12 Radio EM December,dallas (hisp) ppm,KNOR-FM,R,CNS121312C,1.9,12/21/2012,9:26 AM,30,friday
12 Radio EM December,dallas (hisp) ppm,KNOR-FM,R,CNS122012C,2,12/21/2012,12:44 PM,30,friday
12 Radio EM December,dallas (hisp) ppm,KNOR-FM,R,CNS2012F,2,12/21/2012,11:42 AM,30,friday
12 Radio EM December,dallas (hisp) ppm,KNOR-FM,R,CNS2012B,0.4,12/22/2012,10:42 PM,30,saturday
12 Radio EM December,dallas (hisp) ppm,KNOR-FM,R,CNS2012F,0.5,12/22/2012,8:42 PM,30,saturday
12 Radio EM December,dallas (hisp) ppm,KNOR-FM,R,CNS2012F,0.5,12/22/2012,1:45 PM,30,saturday
12 Radio EM December,dallas (hisp) ppm,KNOR-FM,R,CNS122012C,0.5,12/22/2012,3:46 PM,30,saturday
12 Radio EM December,dallas (hisp) ppm,KNOR-FM,R,CNS2012B,0.5,12/22/2012,4:48 PM,30,saturday
12 Radio EM December,dallas (hisp) ppm,KNOR-FM,R,CNS122012C,0.6,12/22/2012,9:42 PM,30,saturday
12 Radio EM December,dallas (hisp) ppm,KNOR-FM,R,CNS121312C,0.8,12/22/2012,7:42 PM,30,saturday
12 Radio EM December,dallas (hisp) ppm,KNOR-FM,R,CNS121312C,0.8,12/22/2012,5:43 PM,30,saturday
12 Radio EM December,dallas (hisp) ppm,KNOR-FM,R,CNS121312C,0.9,12/22/2012,12:45 PM,30,saturday
12 Radio EM December,dallas (hisp) ppm,KNOR-FM,R,CNS121312C,1.3,12/22/2012,10:44 AM,30,saturday
12 Radio EM December,dallas (hisp) ppm,KNOR-FM,R,CNS2012B,1.3,12/22/2012,10:26 AM,30,saturday
12 Radio EM December,dallas (hisp) ppm,KNOR-FM,R,CNS122412D,0.3,12/23/2012,8:20 AM,30,sunday
12 Radio EM December,dallas (hisp) ppm,KNOR-FM,R,CNS122412D,0.6,12/23/2012,3:21 PM,30,sunday
12 Radio EM December,dallas (hisp) ppm,KNOR-FM,R,CNS2012F,0.6,12/23/2012,5:21 PM,30,sunday
12 Radio EM December,dallas (hisp) ppm,KNOR-FM,R,CNS122012C,0.7,12/23/2012,4:21 PM,30,sunday
12 Radio EM December,dallas (hisp) ppm,KNOR-FM,R,CNS122412D,0.6,12/24/2012,6:42 AM,30,monday
12 Radio EM December,dallas (hisp) ppm,KNOR-FM,R,CNS122412D,1.4,12/24/2012,1:43 PM,30,monday
12 Radio EM December,dallas (hisp) ppm,KNOR-FM,R,CNS122412D,1.7,12/24/2012,7:20 AM,30,monday
12 Radio EM December,dallas (hisp) ppm,KNOR-FM,R,CNS122012C,1.9,12/24/2012,8:42 AM,30,monday
12 Radio EM December,dallas (hisp) ppm,KNOR-FM,R,CNS2012F,1.9,12/24/2012,9:20 AM,30,monday
12 Radio EM December,dallas (hisp) ppm,KNOR-FM,R,CNS2012B,2,12/24/2012,11:43 AM,30,monday
12 Radio EM December,dallas (hisp) ppm,KNOR-FM,R,CNS030112C,0.5,12/26/2012,9:20 PM,30,wednesday
12 Radio EM December,dallas (hisp) ppm,KNOR-FM,R,CNS122712C,0.5,12/26/2012,7:43 PM,30,wednesday
12 Radio EM December,dallas (hisp) ppm,KNOR-FM,R,CNS080612D,0.6,12/26/2012,8:42 PM,30,wednesday
12 Radio EM December,dallas (hisp) ppm,KNOR-FM,R,CNS030112C,0.8,12/26/2012,3:45 PM,30,wednesday
12 Radio EM December,dallas (hisp) ppm,KNOR-FM,R,CNS122712D,1.1,12/26/2012,4:43 PM,30,wednesday
12 Radio EM December,dallas (hisp) ppm,KNOR-FM,R,CNS122712D,1.1,12/26/2012,5:24 PM,30,wednesday
12 Radio EM December,dallas (hisp) ppm,KNOR-FM,R,CNS080612D,1.4,12/26/2012,1:48 PM,30,wednesday
12 Radio EM December,dallas (hisp) ppm,KNOR-FM,R,CNS122712D,1.7,12/26/2012,7:42 AM,30,wednesday
12 Radio EM December,dallas (hisp) ppm,KNOR-FM,R,CNS122712D,1.9,12/26/2012,9:45 AM,30,wednesday
12 Radio EM December,dallas (hisp) ppm,KNOR-FM,R,CNS122712C,2,12/26/2012,10:20 AM,30,wednesday
12 Radio EM December,dallas (hisp) ppm,KNOR-FM,R,CNS122712C,0.5,12/27/2012,7:42 PM,30,thursday
12 Radio EM December,dallas (hisp) ppm,KNOR-FM,R,CNS080612D,0.6,12/27/2012,8:43 PM,30,thursday
12 Radio EM December,dallas (hisp) ppm,KNOR-FM,R,CNS030112C,0.8,12/27/2012,3:42 PM,30,thursday
12 Radio EM December,dallas (hisp) ppm,KNOR-FM,R,CNS080612D,0.9,12/27/2012,2:45 PM,30,thursday
12 Radio EM December,dallas (hisp) ppm,KNOR-FM,R,CNS122712D,1.1,12/27/2012,4:48 PM,30,thursday
12 Radio EM December,dallas (hisp) ppm,KNOR-FM,R,CNS122712D,1.1,12/27/2012,5:23 PM,30,thursday
12 Radio EM December,dallas (hisp) ppm,KNOR-FM,R,CNS122712D,1.7,12/27/2012,7:20 AM,30,thursday
12 Radio EM December,dallas (hisp) ppm,KNOR-FM,R,CNS122712D,1.9,12/27/2012,8:44 AM,30,thursday
12 Radio EM December,dallas (hisp) ppm,KNOR-FM,R,CNS122712C,2,12/27/2012,12:42 PM,30,thursday
12 Radio EM December,dallas (hisp) ppm,KNOR-FM,R,CNS080612D,0.2,12/28/2012,11:20 PM,30,friday
12 Radio EM December,dallas (hisp) ppm,KNOR-FM,R,CNS122712C,0.5,12/28/2012,9:20 PM,30,friday
12 Radio EM December,dallas (hisp) ppm,KNOR-FM,R,CNS122712D,0.6,12/28/2012,8:20 PM,30,friday
12 Radio EM December,dallas (hisp) ppm,KNOR-FM,R,CNS080612D,0.8,12/28/2012,3:25 PM,30,friday
12 Radio EM December,dallas (hisp) ppm,KNOR-FM,R,CNS030112C,1.1,12/28/2012,4:25 PM,30,friday
12 Radio EM December,dallas (hisp) ppm,KNOR-FM,R,CNS122712D,1.1,12/28/2012,5:23 PM,30,friday
12 Radio EM December,dallas (hisp) ppm,KNOR-FM,R,CNS122712C,1.4,12/28/2012,1:43 PM,30,friday
12 Radio EM December,dallas (hisp) ppm,KNOR-FM,R,CNS030112C,1.9,12/28/2012,8:42 AM,30,friday
12 Radio EM December,dallas (hisp) ppm,KNOR-FM,R,CNS122712D,1.9,12/28/2012,9:42 AM,30,friday
12 Radio EM December,dallas (hisp) ppm,KNOR-FM,R,CNS122712D,2,12/28/2012,10:26 AM,30,friday
12 Radio EM December,dallas (hisp) ppm,KNOR-FM,R,CNS122712D,0.5,12/29/2012,8:20 PM,30,saturday
12 Radio EM December,dallas (hisp) ppm,KNOR-FM,R,CNS122712C,0.5,12/29/2012,3:25 PM,30,saturday
12 Radio EM December,dallas (hisp) ppm,KNOR-FM,R,CNS122712C,0.6,12/29/2012,9:20 PM,30,saturday
12 Radio EM December,dallas (hisp) ppm,KNOR-FM,R,CNS030112C,0.8,12/29/2012,5:43 PM,30,saturday
12 Radio EM December,dallas (hisp) ppm,KNOR-FM,R,CNS122712D,0.8,12/29/2012,7:43 PM,30,saturday
12 Radio EM December,dallas (hisp) ppm,KNOR-FM,R,CNS080612D,0.8,12/29/2012,5:21 PM,30,saturday
12 Radio EM December,dallas (hisp) ppm,KNOR-FM,R,CNS122712D,0.9,12/29/2012,12:20 PM,30,saturday
12 Radio EM December,dallas (hisp) ppm,KNOR-FM,R,CNS122712D,1.1,12/29/2012,11:21 AM,30,saturday
12 Radio EM December,dallas (hisp) ppm,KNOR-FM,R,CNS030112C,1.3,12/29/2012,10:21 AM,30,saturday
12 Radio EM December,dallas (hisp) ppm,KNOR-FM,R,CNS030112C,0.5,12/30/2012,1:20 PM,30,sunday
12 Radio EM December,dallas (hisp) ppm,KNOR-FM,R,CNS030112C,0.6,12/30/2012,3:43 PM,30,sunday
12 Radio EM December,dallas (hisp) ppm,KNOR-FM,R,CNS030112C,0.6,12/30/2012,5:42 PM,30,sunday
12 Radio EM December,dallas (hisp) ppm,KNOR-FM,R,CNS030112C,0.7,12/30/2012,4:23 PM,30,sunday
12 Radio EM December,el paso (las cruces),KBNA-FM,R,CNSELPA30D,0.2,12/12/2012,4:17 PM,30,wednesday
12 Radio EM December,el paso (las cruces),KBNA-FM,R,CNSELPA30D,0.7,12/12/2012,1:25 PM,30,wednesday
12 Radio EM December,el paso (las cruces),KBNA-FM,R,CNSELPA30D,1.4,12/12/2012,7:17 AM,30,wednesday
12 Radio EM December,el paso (las cruces),KBNA-FM,R,CNSELPA30D,1.7,12/12/2012,8:20 AM,30,wednesday
12 Radio EM December,el paso (las cruces),KBNA-FM,R,CNSELPA30D,1.7,12/12/2012,8:59 AM,30,wednesday
12 Radio EM December,el paso (las cruces),KBNA-FM,R,CNSELPA30D,1.7,12/12/2012,10:00 AM,30,wednesday
12 Radio EM December,el paso (las cruces),KBNA-FM,R,CNSELPA30D,1.3,12/13/2012,1:08 PM,30,thursday
12 Radio EM December,el paso (las cruces),KBNA-FM,R,CNSELPA30D,1.9,12/13/2012,10:59 AM,30,thursday
12 Radio EM December,el paso (las cruces),KBNA-FM,R,CNSELPA30D,2,12/13/2012,8:58 AM,30,thursday
12 Radio EM December,el paso (las cruces),KBNA-FM,R,CNSELPA30D,2.2,12/13/2012,7:58 AM,30,thursday
12 Radio EM December,el paso (las cruces),KBNA-FM,R,CNSELPA30D,0.6,12/14/2012,3:32 PM,30,friday
12 Radio EM December,el paso (las cruces),KBNA-FM,R,CNSELPA30D,1,12/14/2012,2:34 PM,30,friday
12 Radio EM December,el paso (las cruces),KBNA-FM,R,CNSELPA30D,1.7,12/14/2012,11:14 AM,30,friday
12 Radio EM December,el paso (las cruces),KBNA-FM,R,CNSELPA30D,2.2,12/14/2012,7:54 AM,30,friday
12 Radio EM December,el paso (las cruces),KBNA-FM,R,CNSELPA30D,2.4,12/14/2012,8:18 AM,30,friday
12 Radio EM December,el paso (las cruces),KBNA-FM,R,CNSELPA30D,2.4,12/14/2012,8:59 AM,30,friday
12 Radio EM December,el paso (las cruces),KBNA-FM,R,CNSELPA30D,2.6,12/14/2012,9:57 AM,30,friday
12 Radio EM December,el paso (las cruces),KBNA-FM,R,CNSELPA30D,1.6,12/15/2012,9:18 AM,30,saturday
12 Radio EM December,el paso (las cruces),KBNA-FM,R,CNSELPA30D,2.4,12/15/2012,8:43 AM,30,saturday
12 Radio EM December,el paso (las cruces),KBNA-FM,R,CNSELPA30D,3.2,12/16/2012,12:20 PM,30,sunday
12 Radio EM December,el paso (las cruces),KBNA-FM,R,CNSELPA30D,3.2,12/16/2012,1:28 PM,30,sunday
12 Radio EM December,el paso (las cruces),KBNA-FM,R,CNSELPA30D,3.3,12/16/2012,2:26 PM,30,sunday
12 Radio EM December,el paso (las cruces),KBNA-FM,R,CNSELPA30D,0.9,12/17/2012,3:16 PM,30,monday
12 Radio EM December,el paso (las cruces),KBNA-FM,R,CNSELPA30D,2.1,12/17/2012,10:54 AM,30,monday
12 Radio EM December,el paso (las cruces),KBNA-FM,R,CNSELPA30D,0.2,12/19/2012,4:32 PM,30,wednesday
12 Radio EM December,el paso (las cruces),KBNA-FM,R,CNSELPA30D,0.7,12/19/2012,1:26 PM,30,wednesday
12 Radio EM December,el paso (las cruces),KBNA-FM,R,CNSELPA30D,1.4,12/19/2012,7:59 AM,30,wednesday
12 Radio EM December,el paso (las cruces),KBNA-FM,R,CNSELPA30D,1.7,12/19/2012,8:59 AM,30,wednesday
12 Radio EM December,el paso (las cruces),KBNA-FM,R,CNSELPA30D,0.4,12/20/2012,4:13 PM,30,thursday
12 Radio EM December,el paso (las cruces),KBNA-FM,R,CNSELPA30D,1,12/20/2012,2:32 PM,30,thursday
12 Radio EM December,el paso (las cruces),KBNA-FM,R,CNSELPA30D,1.3,12/20/2012,1:27 PM,30,thursday
12 Radio EM December,el paso (las cruces),KBNA-FM,R,CNSELPA30D,1.9,12/20/2012,10:13 AM,30,thursday
12 Radio EM December,el paso (las cruces),KBNA-FM,R,CNSELPA30D,2.2,12/20/2012,7:56 AM,30,thursday
12 Radio EM December,el paso (las cruces),KBNA-FM,R,CNSELPA30D,0.6,12/21/2012,3:22 PM,30,friday
12 Radio EM December,el paso (las cruces),KBNA-FM,R,CNSELPA30D,1,12/21/2012,2:31 PM,30,friday
12 Radio EM December,el paso (las cruces),KBNA-FM,R,CNSELPA30D,2.4,12/21/2012,8:54 AM,30,friday
12 Radio EM December,el paso (las cruces),KBNA-FM,R,CNS122312D,3.2,12/23/2012,12:24 PM,30,sunday
12 Radio EM December,el paso (las cruces),KBNA-FM,R,CNS122312D,3.3,12/23/2012,2:22 PM,30,sunday
12 Radio EM December,el paso (las cruces),KBNA-FM,R,CNS122312D,2.2,12/24/2012,7:54 AM,30,monday
12 Radio EM December,el paso (las cruces),KBNA-FM,R,CNS122312D,2.4,12/24/2012,9:13 AM,30,monday
12 Radio EM December,el paso (las cruces),KBNA-FM,R,CNS030112C,1,12/27/2012,2:45 PM,30,thursday
12 Radio EM December,el paso (las cruces),KBNA-FM,R,CNS080612D,1,12/27/2012,2:30 PM,30,thursday
12 Radio EM December,el paso (las cruces),KBNA-FM,R,CNS122612C,1.3,12/27/2012,11:28 AM,30,thursday
12 Radio EM December,el paso (las cruces),KBNA-FM,R,CNS122612D,2,12/27/2012,8:14 AM,30,thursday
12 Radio EM December,el paso (las cruces),KBNA-FM,R,CNS122612D,2.2,12/27/2012,7:52 AM,30,thursday
12 Radio EM December,el paso (las cruces),KBNA-FM,R,CNS122612D,0.5,12/28/2012,4:10 PM,30,friday
12 Radio EM December,el paso (las cruces),KBNA-FM,R,CNS122612D,2.4,12/28/2012,8:54 AM,30,friday
12 Radio EM December,el paso (las cruces),KBNA-FM,R,CNS030112C,3.2,12/30/2012,1:23 PM,30,sunday
12 Radio EM December,el paso (las cruces),KBNA-FM,R,CNS030112C,3.3,12/30/2012,2:22 PM,30,sunday
12 Radio EM December,el paso (las cruces),KINT-FM,R,CNSELPA30C,0.2,11/28/2012,8:32 PM,30,wednesday
12 Radio EM December,el paso (las cruces),KINT-FM,R,CNSELPA30C,0.5,11/28/2012,7:32 PM,30,wednesday
12 Radio EM December,el paso (las cruces),KINT-FM,R,CNSELPA30C,1.2,11/28/2012,9:32 AM,30,wednesday
12 Radio EM December,el paso (las cruces),KINT-FM,R,CNSELPA30C,1.2,11/28/2012,3:37 PM,30,wednesday
12 Radio EM December,el paso (las cruces),KINT-FM,R,CNSELPA30C,1.4,11/28/2012,8:16 AM,30,wednesday
12 Radio EM December,el paso (las cruces),KINT-FM,R,CNSELPA30C,1.5,11/28/2012,10:30 AM,30,wednesday
12 Radio EM December,el paso (las cruces),KINT-FM,R,CNSELPA30C,1.6,11/28/2012,2:33 PM,30,wednesday
12 Radio EM December,el paso (las cruces),KINT-FM,R,CNSELPA30C,1.9,11/28/2012,4:17 PM,30,wednesday
12 Radio EM December,el paso (las cruces),KINT-FM,R,CNSELPA30C,0.1,11/29/2012,7:14 PM,30,thursday
12 Radio EM December,el paso (las cruces),KINT-FM,R,CNSELPA30C,0.6,11/29/2012,8:14 PM,30,thursday
12 Radio EM December,el paso (las cruces),KINT-FM,R,CNSELPA30C,0.8,11/29/2012,9:24 PM,30,thursday
12 Radio EM December,el paso (las cruces),KINT-FM,R,CNSELPA30C,0.9,11/29/2012,5:30 PM,30,thursday
12 Radio EM December,el paso (las cruces),KINT-FM,R,CNSELPA30C,1.5,11/29/2012,9:15 AM,30,thursday
12 Radio EM December,el paso (las cruces),KINT-FM,R,CNSELPA30C,1.5,11/29/2012,3:13 PM,30,thursday
12 Radio EM December,el paso (las cruces),KINT-FM,R,CNSELPA30C,1.7,11/29/2012,8:17 AM,30,thursday
12 Radio EM December,el paso (las cruces),KINT-FM,R,CNSELPA30C,1.7,11/29/2012,8:38 AM,30,thursday
12 Radio EM December,el paso (las cruces),KINT-FM,R,CNSELPA30C,1.7,11/29/2012,10:14 AM,30,thursday
12 Radio EM December,el paso (las cruces),KINT-FM,R,CNSELPA30C,1.7,11/29/2012,11:12 AM,30,thursday
12 Radio EM December,el paso (las cruces),KINT-FM,R,CNSELPA30C,1.7,11/29/2012,4:32 PM,30,thursday
12 Radio EM December,el paso (las cruces),KINT-FM,R,CNSELPA30C,0.2,11/30/2012,7:14 PM,30,friday
12 Radio EM December,el paso (las cruces),KINT-FM,R,CNSELPA30C,0.2,11/30/2012,7:31 PM,30,friday
12 Radio EM December,el paso (las cruces),KINT-FM,R,CNSELPA30C,0.6,11/30/2012,9:15 PM,30,friday
12 Radio EM December,el paso (las cruces),KINT-FM,R,CNSELPA30C,0.6,11/30/2012,11:33 AM,30,friday
12 Radio EM December,el paso (las cruces),KINT-FM,R,CNSELPA30C,0.8,11/30/2012,9:16 AM,30,friday
12 Radio EM December,el paso (las cruces),KINT-FM,R,CNSELPA30C,1.3,11/30/2012,5:17 PM,30,friday
12 Radio EM December,el paso (las cruces),KINT-FM,R,CNSELPA30C,1.6,11/30/2012,4:19 PM,30,friday
12 Radio EM December,el paso (las cruces),KINT-FM,R,CNSELPA30C,1.7,11/30/2012,7:15 AM,30,friday
12 Radio EM December,el paso (las cruces),KINT-FM,R,CNSELPA30C,1.7,11/30/2012,7:35 AM,30,friday
12 Radio EM December,el paso (las cruces),KINT-FM,R,CNSELPA30C,1.7,11/30/2012,12:19 PM,30,friday
12 Radio EM December,el paso (las cruces),KINT-FM,R,CNSELPA30C,2,11/30/2012,3:16 PM,30,friday
12 Radio EM December,el paso (las cruces),KINT-FM,R,CNSELPA30C,0.5,12/1/2012,7:19 AM,30,saturday
12 Radio EM December,el paso (las cruces),KINT-FM,R,CNSELPA30C,0.6,12/1/2012,5:14 PM,30,saturday
12 Radio EM December,el paso (las cruces),KINT-FM,R,CNSELPA30C,0.6,12/1/2012,6:15 PM,30,saturday
12 Radio EM December,el paso (las cruces),KINT-FM,R,CNSELPA30C,0.6,12/1/2012,6:32 PM,30,saturday
12 Radio EM December,el paso (las cruces),KINT-FM,R,CNSELPA30C,0.9,12/1/2012,8:36 AM,30,saturday
12 Radio EM December,el paso (las cruces),KINT-FM,R,CNSELPA30C,1.2,12/1/2012,4:34 PM,30,saturday
12 Radio EM December,el paso (las cruces),KINT-FM,R,CNSELPA30C,1.8,12/1/2012,9:35 AM,30,saturday
12 Radio EM December,el paso (las cruces),KINT-FM,R,CNSELPA30C,1.8,12/1/2012,2:17 PM,30,saturday
12 Radio EM December,el paso (las cruces),KINT-FM,R,CNSELPA30C,2,12/1/2012,1:16 PM,30,saturday
12 Radio EM December,el paso (las cruces),KINT-FM,R,CNSELPA30C,2,12/1/2012,1:38 PM,30,saturday
12 Radio EM December,el paso (las cruces),KINT-FM,R,CNSELPA30C,2.1,12/1/2012,3:33 PM,30,saturday
12 Radio EM December,el paso (las cruces),KINT-FM,R,CNSELPA30C,0.3,12/2/2012,12:51 PM,30,sunday
12 Radio EM December,el paso (las cruces),KINT-FM,R,CNSELPA30C,0.6,12/2/2012,11:29 AM,30,sunday
12 Radio EM December,el paso (las cruces),KINT-FM,R,CNSELPA30C,0.8,12/2/2012,8:50 AM,30,sunday
12 Radio EM December,el paso (las cruces),KINT-FM,R,CNSELPA30C,0.8,12/2/2012,9:31 AM,30,sunday
12 Radio EM December,el paso (las cruces),KINT-FM,R,CNSELPA30C,0.1,12/5/2012,9:16 PM,30,wednesday
12 Radio EM December,el paso (las cruces),KINT-FM,R,CNSELPA30C,0.1,12/5/2012,9:30 PM,30,wednesday
12 Radio EM December,el paso (las cruces),KINT-FM,R,CNSELPA30C,1.1,12/5/2012,5:35 PM,30,wednesday
12 Radio EM December,el paso (las cruces),KINT-FM,R,CNSELPA30C,1.2,12/5/2012,9:16 AM,30,wednesday
12 Radio EM December,el paso (las cruces),KINT-FM,R,CNSELPA30C,1.2,12/5/2012,3:33 PM,30,wednesday
12 Radio EM December,el paso (las cruces),KINT-FM,R,CNSELPA30C,1.4,12/5/2012,8:19 AM,30,wednesday
12 Radio EM December,el paso (las cruces),KINT-FM,R,CNSELPA30C,1.4,12/5/2012,11:16 AM,30,wednesday
12 Radio EM December,el paso (las cruces),KINT-FM,R,CNSELPA30C,1.4,12/5/2012,12:36 PM,30,wednesday
12 Radio EM December,el paso (las cruces),KINT-FM,R,CNSELPA30C,1.9,12/5/2012,4:34 PM,30,wednesday
12 Radio EM December,el paso (las cruces),KINT-FM,R,CNSELPA30C,0.6,12/6/2012,8:12 PM,30,thursday
12 Radio EM December,el paso (las cruces),KINT-FM,R,CNSELPA30C,0.8,12/6/2012,9:12 PM,30,thursday
12 Radio EM December,el paso (las cruces),KINT-FM,R,CNSELPA30C,0.8,12/6/2012,9:31 PM,30,thursday
12 Radio EM December,el paso (las cruces),KINT-FM,R,CNSELPA30C,0.9,12/6/2012,5:09 PM,30,thursday
12 Radio EM December,el paso (las cruces),KINT-FM,R,CNSELPA30C,0.9,12/6/2012,5:31 PM,30,thursday
12 Radio EM December,el paso (las cruces),KINT-FM,R,CNSELPA30C,1.2,12/6/2012,7:18 AM,30,thursday
12 Radio EM December,el paso (las cruces),KINT-FM,R,CNSELPA30C,1.2,12/6/2012,7:36 AM,30,thursday
12 Radio EM December,el paso (las cruces),KINT-FM,R,CNSELPA30C,1.7,12/6/2012,8:36 AM,30,thursday
12 Radio EM December,el paso (las cruces),KINT-FM,R,CNSELPA30C,1.7,12/6/2012,4:15 PM,30,thursday
12 Radio EM December,el paso (las cruces),KINT-FM,R,CNSELPA30C,2.2,12/6/2012,1:13 PM,30,thursday
12 Radio EM December,el paso (las cruces),KINT-FM,R,CNSELPA30C,2.2,12/6/2012,2:16 PM,30,thursday
12 Radio EM December,el paso (las cruces),KINT-FM,R,CNSELPA30C,0.2,12/7/2012,7:16 PM,30,friday
12 Radio EM December,el paso (las cruces),KINT-FM,R,CNSELPA30C,0.4,12/7/2012,8:17 PM,30,friday
12 Radio EM December,el paso (las cruces),KINT-FM,R,CNSELPA30C,0.4,12/7/2012,8:32 PM,30,friday
12 Radio EM December,el paso (las cruces),KINT-FM,R,CNSELPA30C,0.6,12/7/2012,10:17 AM,30,friday
12 Radio EM December,el paso (las cruces),KINT-FM,R,CNSELPA30C,0.6,12/7/2012,10:38 AM,30,friday
12 Radio EM December,el paso (las cruces),KINT-FM,R,CNSELPA30C,0.8,12/7/2012,9:35 AM,30,friday
12 Radio EM December,el paso (las cruces),KINT-FM,R,CNSELPA30C,0.9,12/7/2012,8:14 AM,30,friday
12 Radio EM December,el paso (las cruces),KINT-FM,R,CNSELPA30C,1.3,12/7/2012,5:35 PM,30,friday
12 Radio EM December,el paso (las cruces),KINT-FM,R,CNSELPA30C,1.7,12/7/2012,7:35 AM,30,friday
12 Radio EM December,el paso (las cruces),KINT-FM,R,CNSELPA30C,2,12/7/2012,3:18 PM,30,friday
12 Radio EM December,el paso (las cruces),KINT-FM,R,CNSELPA30G,0.5,12/8/2012,7:15 AM,30,saturday
12 Radio EM December,el paso (las cruces),KINT-FM,R,CNSELPA30G,0.6,12/8/2012,5:12 PM,30,saturday
12 Radio EM December,el paso (las cruces),KINT-FM,R,CNSELPA30G,0.6,12/8/2012,6:17 PM,30,saturday
12 Radio EM December,el paso (las cruces),KINT-FM,R,CNSELPA30G,0.6,12/8/2012,7:33 PM,30,saturday
12 Radio EM December,el paso (las cruces),KINT-FM,R,CNSELPA30G,0.9,12/8/2012,8:34 AM,30,saturday
12 Radio EM December,el paso (las cruces),KINT-FM,R,CNSELPA30G,1.8,12/8/2012,9:34 AM,30,saturday
12 Radio EM December,el paso (las cruces),KINT-FM,R,CNSELPA30G,1.8,12/8/2012,2:20 PM,30,saturday
12 Radio EM December,el paso (las cruces),KINT-FM,R,CNSELPA30G,1.8,12/8/2012,2:39 PM,30,saturday
12 Radio EM December,el paso (las cruces),KINT-FM,R,CNSELPA30G,2,12/8/2012,1:37 PM,30,saturday
12 Radio EM December,el paso (las cruces),KINT-FM,R,CNSELPA30G,2.1,12/8/2012,3:16 PM,30,saturday
12 Radio EM December,el paso (las cruces),KINT-FM,R,CNSELPA30G,2.1,12/8/2012,3:35 PM,30,saturday
12 Radio EM December,el paso (las cruces),KINT-FM,R,CNSELPA30G,0.4,12/9/2012,1:31 PM,30,sunday
12 Radio EM December,el paso (las cruces),KINT-FM,R,CNSELPA30G,0.4,12/9/2012,1:51 PM,30,sunday
12 Radio EM December,el paso (las cruces),KINT-FM,R,CNSELPA30G,0.8,12/9/2012,8:54 AM,30,sunday
12 Radio EM December,el paso (las cruces),KINT-FM,R,CNSELPA30G,0.8,12/9/2012,9:49 AM,30,sunday
12 Radio EM December,el paso (las cruces),KINT-FM,R,CNSELPA30D,0.1,12/12/2012,9:35 PM,30,wednesday
12 Radio EM December,el paso (las cruces),KINT-FM,R,CNSELPA30D,0.2,12/12/2012,8:35 PM,30,wednesday
12 Radio EM December,el paso (las cruces),KINT-FM,R,CNSELPA30D,0.5,12/12/2012,7:32 PM,30,wednesday
12 Radio EM December,el paso (las cruces),KINT-FM,R,CNSELPA30D,1.1,12/12/2012,5:16 PM,30,wednesday
12 Radio EM December,el paso (las cruces),KINT-FM,R,CNSELPA30D,1.1,12/12/2012,5:36 PM,30,wednesday
12 Radio EM December,el paso (las cruces),KINT-FM,R,CNSELPA30D,1.2,12/12/2012,9:17 AM,30,wednesday
12 Radio EM December,el paso (las cruces),KINT-FM,R,CNSELPA30D,1.2,12/12/2012,9:33 AM,30,wednesday
12 Radio EM December,el paso (las cruces),KINT-FM,R,CNSELPA30D,1.2,12/12/2012,3:16 PM,30,wednesday
12 Radio EM December,el paso (las cruces),KINT-FM,R,CNSELPA30D,1.4,12/12/2012,7:35 AM,30,wednesday
